student_id,gender,age,study_hours_per_day,attendance_percentage,previous_score,sleep_hours,extra_curricular,parental_education,internet_access,part_time_job,final_exam_score,pass_fail
S1401,Female,17,0.4,69.9,81.0,8.7,No,High School,Yes,No,33.2,Fail
S1283,Male,15,5.4,68.3,60.1,7.1,Yes,High School,No,Yes,56.6,Pass
S1414,Female,16,3.7,91.3,55.2,5.8,No,Postgraduate,Yes,No,44.3,Pass
S1482,Male,15,2.2,72.8,53.8,7.2,Yes,Graduate,Yes,No,41.2,Pass
S1419,Female,15,4.7,76.9,66.3,8.9,No,Graduate,No,No,57.8,Pass
S1168,Male,15,2.9,71.0,64.0,7.1,Yes,High School,No,No,41.9,Pass
S1245,Female,15,5.6,99.3,60.8,7.1,Yes,High School,Yes,No,68.5,Pass
S1552,Female,16,4.4,89.6,48.2,7.1,No,Graduate,No,No,44.2,Pass
S1232,Female,16,6.8,72.1,70.7,5.5,Yes,High School,Yes,Yes,55.3,Pass
S1452,Male,16,6.9,80.3,70.4,6.3,Yes,Graduate,No,Yes,64.7,Pass
S1588,Male,15,2.6,77.7,51.8,6.3,No,Graduate,No,No,37.8,Fail
S1324,Female,15,4.9,79.4,54.6,6.1,No,Graduate,Yes,No,52.7,Pass
S1140,Female,17,6.8,75.0,65.9,6.7,No,High School,Yes,Yes,56.8,Pass
S1292,Female,17,3.6,68.1,53.6,5.9,Yes,High School,Yes,No,41.0,Pass
S1115,Female,18,3.2,84.7,48.6,5.0,No,Postgraduate,Yes,No,52.2,Pass
S1249,Female,18,2.1,83.6,82.3,6.1,Yes,High School,Yes,Yes,66.0,Pass
S1202,Male,15,6.2,90.3,36.7,7.3,Yes,High School,Yes,Yes,44.8,Pass
S1101,Female,18,5.2,66.3,46.8,,Yes,Postgraduate,Yes,No,54.6,Pass
S1517,Female,17,5.6,88.8,46.2,4.7,Yes,Graduate,Yes,No,45.8,Pass
S1192,Female,18,5.1,59.7,53.2,7.5,No,Graduate,Yes,No,49.6,Pass
S1511,Male,15,2.8,84.1,72.4,4.5,No,High School,Yes,No,48.5,Pass
S1465,Male,16,8.1,86.9,39.7,5.7,No,Postgraduate,Yes,No,64.3,Pass
S1239,Male,17,3.1,58.9,51.4,5.8,No,Graduate,No,No,33.9,Fail
S1404,Male,18,5.8,82.2,75.8,6.4,No,Graduate,Yes,Yes,54.6,Pass
S1243,Male,17,3.0,43.5,38.0,7.6,Yes,Postgraduate,Yes,No,42.3,Pass
S1428,Male,17,6.9,66.8,59.9,6.6,No,Graduate,Yes,No,54.8,Pass
S1278,Female,16,3.2,83.6,47.5,5.9,Yes,High School,Yes,No,57.4,Pass
S1188,Female,17,5.2,80.7,51.7,,No,Graduate,Yes,No,60.0,Pass
S1132,Male,17,3.2,75.3,63.1,5.9,No,High School,Yes,Yes,32.8,Fail
S1294,Male,16,4.4,65.1,36.0,7.3,No,High School,Yes,No,39.2,Fail
S1514,Male,16,1.8,72.2,72.3,6.4,No,Graduate,Yes,No,53.3,Pass
S1141,Male,18,2.2,97.3,52.4,7.7,No,Graduate,No,No,49.6,Pass
S1379,Male,17,3.1,74.1,43.7,5.3,Yes,High School,No,No,31.8,Fail
S1549,Female,17,1.8,65.7,64.0,3.8,Yes,High School,No,Yes,57.9,Pass
S1271,Female,16,7.2,84.2,41.1,7.1,No,High School,No,No,54.4,Pass
S1343,Male,15,5.9,65.2,70.3,6.3,No,Postgraduate,Yes,No,45.6,Pass
S1510,Female,15,2.7,81.2,40.5,7.1,Yes,Graduate,Yes,No,42.6,Pass
S1155,Male,18,3.0,,47.0,8.5,No,High School,Yes,No,55.6,Pass
S1594,Female,18,,84.6,59.8,4.1,Yes,Graduate,Yes,No,71.8,Pass
S1446,Female,17,3.7,78.8,67.4,7.3,Yes,Graduate,No,Yes,50.6,Pass
S1499,Female,18,4.8,69.0,38.3,6.6,Yes,High School,Yes,No,53.2,Pass
S1546,Male,18,3.0,71.4,40.6,5.7,No,Graduate,Yes,No,52.5,Pass
S1099,Male,16,5.9,80.2,76.1,3.6,No,Postgraduate,Yes,No,83.0,Pass
S1209,Male,16,4.1,72.6,84.6,7.9,No,Postgraduate,Yes,No,56.4,Pass
S1142,Male,17,5.8,83.9,59.6,5.2,Yes,Graduate,Yes,No,61.7,Pass
S1386,Male,15,3.4,67.2,77.9,5.7,No,Postgraduate,Yes,Yes,39.7,Fail
S1256,Female,16,1.7,67.5,60.3,5.9,No,High School,Yes,Yes,43.4,Pass
S1583,Male,16,3.4,68.3,70.4,,No,Graduate,Yes,No,43.7,Pass
S1213,Male,18,7.9,95.7,69.0,8.5,Yes,High School,Yes,No,81.8,Pass
S1070,Female,16,3.9,77.7,57.0,5.2,Yes,Graduate,No,No,57.1,Pass
S1134,Female,18,1.6,81.7,72.1,6.9,No,Graduate,Yes,No,38.3,Fail
S1284,Female,17,5.4,80.4,57.1,7.6,Yes,Postgraduate,No,No,68.4,Pass
S1060,Male,17,4.9,71.4,28.0,3.1,Yes,Postgraduate,Yes,No,27.6,Fail
S1364,Female,17,5.4,93.8,66.6,5.8,Yes,Postgraduate,Yes,No,68.7,Pass
S1053,Female,16,1.5,75.3,59.2,9.2,No,Graduate,Yes,No,47.2,Pass
S1327,Female,15,7.9,70.0,57.3,4.7,No,Graduate,Yes,No,65.0,Pass
S1346,Female,18,5.9,77.0,89.6,8.4,No,High School,Yes,Yes,65.9,Pass
S1556,Male,15,0.4,63.7,59.0,6.1,No,Postgraduate,No,No,46.3,Pass
S1405,Female,17,0.0,83.9,45.0,5.9,No,Postgraduate,Yes,No,37.2,Fail
S1220,Female,15,5.1,96.2,56.6,7.3,No,Graduate,No,Yes,65.0,Pass
S1200,Female,17,3.7,100.0,70.1,7.9,Yes,Graduate,Yes,Yes,53.0,Pass
S1336,Female,15,4.7,70.3,30.4,8.5,Yes,Graduate,Yes,No,53.9,Pass
S1013,Male,16,7.1,,62.1,4.8,Yes,High School,Yes,No,58.8,Pass
S1508,Female,18,4.1,56.4,85.1,7.2,Yes,High School,Yes,Yes,54.2,Pass
S1003,Female,16,3.7,81.9,55.6,6.9,No,Graduate,No,No,71.0,Pass
S1564,Male,15,5.0,76.4,61.1,6.9,No,Postgraduate,No,No,48.9,Pass
S1447,Female,18,4.2,91.9,52.1,6.3,No,High School,Yes,No,52.1,Pass
S1052,Female,18,2.9,61.6,76.9,7.8,No,Graduate,Yes,No,63.6,Pass
S1293,Male,16,4.0,79.0,68.8,6.7,No,Postgraduate,Yes,No,56.7,Pass
S1244,Male,17,1.7,77.7,62.5,7.0,No,Graduate,Yes,No,60.3,Pass
S1050,Female,17,4.3,47.4,65.7,4.7,No,High School,Yes,Yes,60.3,Pass
S1553,Female,17,1.2,83.1,49.6,8.1,No,Graduate,Yes,No,49.5,Pass
S1407,Male,15,3.7,91.3,63.8,6.9,No,High School,Yes,No,57.8,Pass
S1423,Male,18,5.9,72.8,43.5,8.2,Yes,Graduate,Yes,No,62.9,Pass
S1109,Male,18,3.4,68.9,63.2,6.3,Yes,Graduate,No,Yes,41.9,Pass
S1242,Female,18,4.4,64.0,41.4,8.5,No,Graduate,Yes,No,50.7,Pass
S1146,Female,17,2.0,80.2,52.1,5.4,No,Postgraduate,No,No,47.2,Pass
S1030,Female,17,4.0,66.7,22.0,7.0,Yes,Graduate,Yes,No,22.2,Fail
S1572,Male,15,2.7,64.9,70.2,6.8,Yes,High School,Yes,Yes,43.2,Pass
S1172,Male,18,5.2,63.6,81.3,7.2,No,Graduate,Yes,No,58.8,Pass
S1589,Male,16,1.6,81.4,72.9,6.9,Yes,High School,Yes,No,33.9,Fail
S1022,Male,15,3.3,70.7,57.5,,No,High School,Yes,No,42.2,Pass
S1359,Female,17,2.8,74.5,65.5,5.8,Yes,Graduate,Yes,No,62.9,Pass
S1187,Female,18,5.9,73.2,25.6,7.5,No,Graduate,Yes,No,40.5,Pass
S1418,Female,16,4.3,71.6,70.0,7.4,No,Postgraduate,Yes,No,49.0,Pass
S1051,Female,16,2.6,89.2,59.6,5.8,Yes,Postgraduate,Yes,No,45.2,Pass
S1179,Male,16,7.2,85.8,55.3,3.9,Yes,Graduate,Yes,No,72.0,Pass
S1319,Male,15,4.4,100.0,64.0,7.6,No,Graduate,No,No,70.2,Pass
S1217,Female,17,6.8,55.6,45.0,4.7,Yes,High School,No,No,58.5,Pass
S1563,Male,17,3.9,81.1,67.1,6.0,No,High School,Yes,No,66.2,Pass
S1098,Male,15,2.1,73.6,65.3,7.6,No,Postgraduate,Yes,Yes,49.9,Pass
S1425,Female,17,,74.9,71.7,7.5,No,Graduate,No,No,59.3,Pass
S1433,Male,17,4.6,100.0,72.7,7.8,No,High School,Yes,No,55.4,Pass
S1377,Male,16,1.7,66.9,60.5,5.7,Yes,High School,Yes,No,34.8,Fail
S1442,Male,15,5.1,89.4,60.1,4.4,Yes,Graduate,Yes,Yes,48.2,Pass
S1277,Female,18,2.8,61.7,62.3,4.5,Yes,High School,Yes,No,48.4,Pass
S1384,Female,16,3.4,,34.1,3.6,No,High School,Yes,No,33.8,Fail
S1509,Female,16,4.1,59.0,80.1,4.8,Yes,High School,Yes,No,44.1,Pass
S1430,Male,17,4.5,71.6,43.6,6.3,No,Postgraduate,Yes,No,45.2,Pass
S1285,Male,17,4.8,91.8,54.6,5.7,No,High School,Yes,No,78.3,Pass
S1097,Male,15,1.7,79.6,70.6,,Yes,High School,Yes,Yes,35.1,Fail
S1585,Male,18,3.7,97.4,85.8,6.7,Yes,High School,Yes,No,60.5,Pass
S1308,Female,18,5.3,72.2,45.7,6.4,Yes,Graduate,No,No,62.5,Pass
S1193,Female,16,6.0,,81.8,7.3,No,Graduate,Yes,No,70.8,Pass
S1559,Female,17,,70.0,82.3,5.4,Yes,High School,Yes,No,36.5,Fail
S1055,Female,16,1.6,56.4,78.9,4.1,No,Graduate,Yes,No,30.9,Fail
S1455,Male,17,0.1,86.1,69.3,7.5,Yes,Graduate,Yes,No,39.5,Fail
S1464,Female,17,0.0,97.7,44.6,5.4,No,Graduate,No,Yes,30.6,Fail
S1422,Male,16,4.4,86.5,51.6,6.6,No,High School,Yes,No,52.5,Pass
S1344,Male,18,7.0,78.3,61.6,6.9,No,High School,Yes,No,60.0,Pass
S1236,Male,16,1.4,81.9,70.1,7.2,Yes,Postgraduate,Yes,Yes,41.4,Pass
S1506,Female,17,4.2,69.5,51.8,6.0,Yes,Postgraduate,Yes,Yes,41.1,Pass
S1382,Female,15,6.7,90.0,70.0,6.9,Yes,High School,Yes,No,64.8,Pass
S1411,Female,16,2.1,100.0,57.3,5.0,No,Postgraduate,Yes,Yes,51.7,Pass
S1355,Female,15,4.7,,82.7,7.6,No,,Yes,No,67.1,Pass
S1333,Male,15,2.2,88.2,75.1,6.0,Yes,Graduate,Yes,No,58.1,Pass
S1573,Female,18,6.2,73.1,56.9,7.4,No,High School,Yes,No,65.1,Pass
S1046,Male,16,2.9,83.2,64.0,6.2,Yes,High School,Yes,No,57.5,Pass
S1248,Female,16,7.3,70.8,56.7,3.2,Yes,Postgraduate,Yes,No,63.5,Pass
S1221,Female,15,4.3,85.6,45.1,7.7,No,Graduate,Yes,Yes,42.9,Pass
S1504,Female,17,4.2,100.0,49.2,4.0,No,Postgraduate,No,Yes,47.2,Pass
S1586,Male,18,5.3,63.2,89.9,3.9,No,High School,No,No,59.5,Pass
S1320,Female,16,2.8,81.6,53.4,7.1,No,High School,Yes,Yes,42.0,Pass
S1082,Male,15,3.9,70.7,48.4,6.9,No,High School,Yes,Yes,42.4,Pass
S1272,Female,15,3.9,59.2,56.5,5.8,No,High School,Yes,Yes,28.8,Fail
S1023,Male,17,3.9,75.8,52.9,5.4,No,Graduate,Yes,No,48.7,Pass
S1557,Male,15,4.7,89.0,49.3,5.5,No,Graduate,Yes,No,53.3,Pass
S1505,Male,18,3.2,77.3,62.7,5.4,No,Graduate,Yes,No,58.9,Pass
S1328,Male,16,7.1,100.0,50.3,6.4,Yes,Postgraduate,Yes,Yes,56.3,Pass
S1446,Female,17,3.7,78.8,67.4,7.3,Yes,Graduate,No,Yes,50.6,Pass
S1038,Female,15,5.9,79.8,99.7,6.0,No,Graduate,Yes,No,90.2,Pass
S1540,Female,18,7.0,64.3,58.0,6.1,No,Graduate,No,No,68.4,Pass
S1010,Male,15,1.7,78.3,36.4,10.0,No,Graduate,Yes,Yes,39.6,Fail
S1458,Male,15,15.0,84.1,78.2,5.3,Yes,High School,Yes,No,76.4,Pass
S1032,Male,15,3.0,63.5,76.5,9.2,Yes,Postgraduate,Yes,Yes,47.9,Pass
S1337,Female,16,,90.4,73.4,6.1,No,High School,Yes,No,66.0,Pass
S1318,Male,18,7.1,75.8,52.9,8.9,Yes,Graduate,Yes,No,59.8,Pass
S1025,Female,16,0.9,84.4,71.2,10.0,Yes,High School,Yes,No,54.0,Pass
S1261,Female,15,4.8,68.4,55.2,5.5,Yes,High School,Yes,No,39.4,Fail
S1538,Male,17,2.6,70.7,63.4,6.6,No,Graduate,Yes,No,40.6,Pass
S1259,Male,17,6.0,82.4,50.8,5.9,No,High School,Yes,Yes,53.2,Pass
S1305,Female,17,5.7,,57.1,10.0,No,Graduate,Yes,Yes,61.9,Pass
S1154,Female,16,2.9,81.7,72.4,5.3,No,Graduate,Yes,No,49.0,Pass
S1252,Female,18,3.9,87.2,58.5,7.0,Yes,High School,Yes,No,56.2,Pass
S1089,Male,15,5.9,81.6,67.7,5.7,No,High School,Yes,No,63.6,Pass
S1065,Female,17,4.2,85.0,64.3,6.6,Yes,Graduate,No,Yes,54.7,Pass
S1358,Female,17,3.0,82.1,41.2,8.1,No,Graduate,Yes,No,42.8,Pass
S1323,Male,15,4.8,91.8,56.3,4.0,Yes,Postgraduate,Yes,Yes,44.8,Pass
S1593,Male,17,0.1,77.8,31.2,6.7,No,Postgraduate,No,No,31.0,Fail
S1289,Female,15,1.9,86.3,83.0,6.0,No,Postgraduate,Yes,Yes,55.9,Pass
S1409,Male,17,2.1,75.1,100.0,7.5,No,High School,Yes,No,64.4,Pass
S1159,Female,17,3.0,56.9,47.7,7.6,Yes,Postgraduate,Yes,No,41.9,Pass
S1576,Male,16,2.0,74.3,48.2,,No,High School,Yes,No,36.7,Fail
S1340,Male,17,1.8,66.5,60.2,9.0,Yes,Postgraduate,No,No,39.1,Fail
S1357,Female,17,4.5,73.8,59.8,6.8,No,Graduate,Yes,Yes,44.3,Pass
S1040,Male,15,4.5,70.6,63.8,7.8,Yes,Postgraduate,Yes,No,46.2,Pass
S1426,Male,15,5.1,86.9,66.9,6.2,No,Graduate,Yes,No,55.1,Pass
S1431,Female,17,2.6,87.7,54.2,6.8,No,Postgraduate,Yes,No,33.2,Fail
S1301,Female,16,5.2,100.0,60.3,,Yes,High School,Yes,Yes,68.2,Pass
S1484,Female,17,4.3,61.1,45.5,6.8,Yes,Postgraduate,Yes,No,57.8,Pass
S1371,Male,18,6.1,71.9,64.8,5.3,No,Graduate,No,Yes,47.9,Pass
S1450,Female,17,,89.7,52.8,6.6,Yes,Postgraduate,No,Yes,41.5,Pass
S1056,Male,16,2.2,84.5,46.4,8.9,Yes,Graduate,Yes,Yes,38.6,Fail
S1316,Male,17,20.0,88.6,73.2,8.8,Yes,Graduate,Yes,No,80.1,Pass
S1071,Male,16,7.2,66.8,57.7,7.3,No,Graduate,Yes,Yes,56.2,Pass
S1471,Female,15,5.0,75.9,34.4,5.8,Yes,Graduate,Yes,Yes,41.0,Pass
S1415,Male,17,4.4,76.6,86.9,7.0,No,Graduate,Yes,Yes,54.2,Pass
S1090,Male,15,5.5,93.6,70.9,4.8,No,Postgraduate,No,No,65.5,Pass
S1166,Male,17,6.8,75.5,65.9,7.3,Yes,Graduate,Yes,No,68.4,Pass
S1270,Female,15,2.8,78.8,47.8,6.5,No,Graduate,Yes,No,42.2,Pass
S1170,Female,17,4.5,98.0,23.4,7.6,No,Graduate,Yes,No,50.3,Pass
S1054,Female,15,2.3,64.0,33.4,4.4,Yes,High School,Yes,Yes,34.2,Fail
S1566,Male,16,5.0,87.5,67.2,6.4,Yes,High School,Yes,Yes,54.8,Pass
S1429,Male,16,1.9,91.0,70.0,6.8,No,Graduate,Yes,No,57.3,Pass
S1381,Female,16,3.2,96.3,42.8,5.6,No,Postgraduate,Yes,No,47.1,Pass
S1066,Male,17,8.6,79.4,67.8,5.3,No,Graduate,Yes,Yes,69.3,Pass
S1568,Female,17,4.3,93.7,73.0,4.5,Yes,Graduate,Yes,No,61.0,Pass
S1455,Male,17,0.1,86.1,69.3,7.5,Yes,Graduate,Yes,No,39.5,Fail
S1204,Female,16,4.7,87.3,65.6,7.0,No,High School,Yes,Yes,49.6,Pass
S1451,Female,16,1.4,84.0,47.1,3.0,Yes,Graduate,No,Yes,45.3,Pass
S1291,Male,17,5.6,73.6,56.0,4.8,Yes,Postgraduate,Yes,Yes,40.9,Pass
S1120,Female,18,4.5,78.7,56.0,5.5,No,Graduate,Yes,No,45.4,Pass
S1313,Female,15,3.0,75.0,60.0,5.8,No,Graduate,Yes,No,50.9,Pass
S1240,Female,15,,84.2,61.5,6.1,No,Graduate,No,No,45.3,Pass
S1378,Female,16,5.8,97.4,43.7,6.5,Yes,High School,Yes,Yes,52.9,Pass
S1173,Male,16,7.6,83.3,73.9,7.3,Yes,Graduate,Yes,No,62.4,Pass
S1466,Male,18,1.5,78.9,37.2,5.8,No,Graduate,Yes,Yes,46.2,Pass
S1454,Male,16,2.2,45.6,75.9,8.1,Yes,Graduate,No,Yes,34.1,Fail
S1518,Female,16,3.5,74.8,75.3,,Yes,Graduate,Yes,No,51.1,Pass
S1417,Male,15,4.9,88.2,67.5,7.5,Yes,Graduate,Yes,Yes,57.1,Pass
S1118,Female,16,5.9,70.3,72.4,7.3,No,High School,Yes,No,65.0,Pass
S1119,Female,17,1.3,89.1,57.1,7.4,No,Graduate,Yes,No,47.4,Pass
S1596,Female,17,4.0,72.8,52.6,6.4,No,High School,Yes,Yes,57.7,Pass
S1406,Male,16,7.8,85.6,54.2,5.8,No,High School,Yes,No,67.2,Pass
S1214,Female,16,3.4,64.3,51.8,5.4,No,Graduate,Yes,Yes,37.2,Fail
S1138,Male,16,3.9,76.0,75.9,8.7,No,Postgraduate,Yes,Yes,58.1,Pass
S1145,Male,17,5.2,92.1,53.9,,Yes,Postgraduate,Yes,No,65.7,Pass
S1148,Male,18,4.3,82.8,47.7,5.1,Yes,High School,Yes,No,38.7,Fail
S1477,Female,17,3.9,80.3,67.5,9.1,No,Postgraduate,Yes,Yes,45.3,Pass
S1304,Female,17,6.5,75.8,87.1,6.7,No,,No,No,82.1,Pass
S1162,Female,15,3.0,93.5,63.9,6.7,No,High School,No,Yes,55.7,Pass
S1493,Male,17,2.3,94.1,75.5,9.6,Yes,Graduate,Yes,Yes,60.4,Pass
S1394,Male,18,3.9,,86.1,6.7,Yes,Graduate,No,No,57.7,Pass
S1479,Female,16,3.5,62.2,81.7,,Yes,High School,Yes,No,53.8,Pass
S1150,Female,18,4.5,71.7,60.0,6.0,No,Graduate,No,No,57.0,Pass
S1440,Male,18,6.1,65.4,67.5,5.7,No,High School,Yes,Yes,62.1,Pass
S1370,Male,16,1.7,,33.3,5.4,Yes,High School,Yes,No,20.7,Fail
S1222,Male,17,3.2,65.7,21.6,5.7,Yes,Graduate,No,No,27.3,Fail
S1031,Male,18,4.6,76.3,55.7,7.3,Yes,Graduate,Yes,No,70.0,Pass
S1339,Male,15,6.8,73.2,71.0,6.1,No,Postgraduate,Yes,No,64.9,Pass
S1280,Female,17,3.2,58.6,35.9,6.2,No,High School,Yes,No,46.9,Pass
S1020,Female,15,4.2,65.2,48.2,6.6,Yes,High School,Yes,Yes,50.5,Pass
S1113,Female,15,2.4,75.0,74.1,8.2,Yes,High School,Yes,No,52.0,Pass
S1354,Male,18,2.9,85.0,58.1,5.8,Yes,High School,Yes,Yes,36.8,Fail
S1000,Male,15,4.6,89.0,56.1,6.1,No,High School,Yes,Yes,49.9,Pass
S1551,Female,18,2.6,67.6,56.5,6.1,No,High School,Yes,No,41.6,Pass
S1321,Female,15,3.1,69.0,59.0,7.0,Yes,High School,No,No,40.7,Pass
S1548,Female,17,2.8,79.9,52.5,7.4,Yes,Graduate,Yes,No,46.1,Pass
S1229,Female,17,1.3,91.1,68.2,6.5,No,High School,Yes,Yes,48.4,Pass
S1591,Female,16,4.9,83.1,59.3,8.1,No,Postgraduate,No,No,59.3,Pass
S1528,Male,16,3.7,80.0,37.0,4.1,Yes,Graduate,Yes,Yes,49.6,Pass
S1002,Female,18,5.7,81.2,68.4,7.5,No,,Yes,Yes,59.2,Pass
S1580,Male,16,8.2,71.3,56.5,7.5,Yes,Graduate,No,No,74.1,Pass
S1058,Male,18,2.3,71.1,51.1,5.4,Yes,,No,No,49.1,Pass
S1383,Female,18,5.5,72.8,66.9,6.3,No,Graduate,Yes,No,71.8,Pass
S1322,Female,15,3.4,72.9,91.5,7.0,No,Postgraduate,Yes,No,53.3,Pass
S1004,Male,15,3.1,70.0,70.5,7.2,No,Postgraduate,Yes,No,34.5,Fail
S1392,Male,18,3.5,81.4,51.0,6.0,Yes,Postgraduate,Yes,No,54.3,Pass
S1500,Female,15,4.0,74.2,46.2,6.8,Yes,Graduate,Yes,No,49.2,Pass
S1074,Female,17,5.3,75.9,68.9,6.5,No,,Yes,No,57.4,Pass
S1191,Female,16,3.4,56.9,57.8,4.5,No,Graduate,No,Yes,24.8,Fail
S1235,Female,16,7.4,,60.3,8.7,Yes,Graduate,Yes,No,60.5,Pass
S1545,Male,16,3.6,55.4,80.7,6.7,Yes,High School,Yes,No,46.3,Pass
S1258,Female,16,3.9,75.3,41.1,6.4,No,High School,Yes,Yes,49.2,Pass
S1080,Female,16,2.7,70.0,76.9,8.4,No,Graduate,Yes,No,52.4,Pass
S1507,Female,16,5.0,59.8,55.9,9.0,Yes,Graduate,No,No,68.1,Pass
S1026,Male,17,1.6,77.2,43.9,7.0,Yes,Graduate,Yes,Yes,34.9,Fail
S1395,Female,18,3.9,72.3,74.7,3.7,No,High School,Yes,No,50.1,Pass
S1216,Male,15,4.4,69.4,60.6,7.1,No,Graduate,No,No,53.9,Pass
S1390,Female,18,,72.4,71.8,5.8,No,Graduate,Yes,Yes,77.3,Pass
S1491,Female,16,3.6,69.0,46.1,6.6,No,Graduate,Yes,Yes,40.2,Pass
S1330,Male,16,4.1,72.6,81.3,8.1,No,Graduate,Yes,No,46.8,Pass
S1057,Male,17,5.9,,50.2,7.0,No,,No,No,52.7,Pass
S1525,Male,16,4.6,78.9,77.5,5.9,Yes,Graduate,Yes,No,66.4,Pass
S1108,Male,15,3.2,90.0,31.6,5.7,Yes,High School,Yes,No,43.7,Pass
S1273,Female,16,1.4,71.7,67.0,6.2,No,Postgraduate,Yes,No,60.7,Pass
S1147,Male,17,4.7,62.4,62.3,5.7,Yes,Graduate,Yes,No,55.8,Pass
S1228,Female,16,6.2,73.5,60.3,9.1,Yes,High School,Yes,No,63.3,Pass
S1014,Male,16,4.4,77.7,86.0,7.1,No,High School,Yes,No,59.0,Pass
S1174,Female,17,3.7,92.4,74.5,5.6,No,High School,Yes,No,62.0,Pass
S1086,Female,16,4.7,100.0,50.6,6.4,Yes,Graduate,No,No,63.1,Pass
S1114,Female,16,3.7,93.9,35.9,7.3,Yes,Postgraduate,Yes,No,57.3,Pass
S1165,Female,16,1.3,63.3,57.9,5.3,No,High School,No,No,32.3,Fail
S1527,Male,15,4.7,70.2,59.3,8.0,No,Graduate,Yes,No,55.9,Pass
S1367,Female,18,0.9,70.7,43.9,7.4,No,Postgraduate,No,No,45.1,Pass
S1059,Male,17,8.7,46.9,80.6,,No,High School,Yes,Yes,71.7,Pass
S1521,Male,17,4.5,69.4,65.1,3.0,Yes,Postgraduate,Yes,No,33.1,Fail
S1164,Male,18,4.4,76.3,72.8,5.0,No,Postgraduate,Yes,No,75.8,Pass
S1041,Male,18,5.8,74.4,67.0,7.7,Yes,Postgraduate,Yes,No,57.4,Pass
S1329,Male,18,4.8,91.0,79.8,8.7,Yes,High School,Yes,No,63.6,Pass
S1079,Male,18,1.2,75.5,54.2,5.1,Yes,High School,Yes,No,39.0,Fail
S1360,Male,17,4.0,80.0,73.3,5.6,Yes,Graduate,Yes,No,55.2,Pass
S1028,Female,16,4.3,78.8,91.1,7.7,No,High School,Yes,No,64.6,Pass
S1281,Male,15,0.0,92.0,62.8,6.2,No,Graduate,No,Yes,34.0,Fail
S1300,Male,17,7.2,85.4,66.4,7.2,No,Postgraduate,Yes,No,58.5,Pass
S1526,Male,18,5.1,75.3,56.6,6.0,No,Graduate,Yes,No,60.3,Pass
S1598,Male,17,4.1,76.9,41.2,5.4,No,Graduate,Yes,No,56.6,Pass
S1084,Male,17,4.3,86.1,45.4,7.0,No,Postgraduate,Yes,Yes,37.5,Fail
S1062,Female,17,2.5,60.3,75.8,6.9,No,Postgraduate,Yes,No,57.3,Pass
S1587,Male,18,5.7,70.9,48.5,5.0,Yes,High School,Yes,No,50.5,Pass
S1136,Male,17,2.2,88.3,67.1,6.8,No,Graduate,No,No,49.5,Pass
S1111,Male,16,3.1,96.0,47.7,3.6,Yes,Graduate,Yes,No,41.1,Pass
S1194,Male,15,5.5,71.4,64.9,5.2,Yes,High School,No,No,59.6,Pass
S1380,Male,18,1.2,92.6,70.2,5.3,No,High School,Yes,Yes,55.6,Pass
S1043,Female,17,5.8,80.0,61.5,6.6,Yes,High School,Yes,No,60.5,Pass
S1375,Male,17,4.9,73.6,52.7,7.1,No,,Yes,No,54.0,Pass
S1129,Male,15,6.6,54.4,62.8,5.4,No,High School,No,No,61.0,Pass
S1542,Male,16,5.0,77.6,53.4,5.2,No,Postgraduate,Yes,Yes,47.8,Pass
S1218,Female,15,3.8,77.0,71.1,7.0,No,,Yes,No,74.7,Pass
S1096,Female,17,4.5,100.0,77.8,6.4,No,High School,Yes,Yes,61.4,Pass
S1124,Male,15,3.1,84.5,60.9,7.4,No,Postgraduate,Yes,Yes,43.2,Pass
S1570,Male,17,3.8,90.4,48.6,8.8,No,Graduate,Yes,No,53.3,Pass
S1226,Female,17,4.2,75.3,59.7,5.1,No,High School,No,No,51.3,Pass
S1177,Male,15,2.7,78.2,63.0,5.8,No,Postgraduate,Yes,Yes,44.5,Pass
S1410,Male,15,5.1,86.1,69.1,6.0,Yes,Graduate,Yes,Yes,58.5,Pass
S1582,Male,18,4.3,57.8,39.9,6.8,No,Graduate,Yes,No,45.4,Pass
S1569,Male,15,1.5,58.1,73.3,6.9,Yes,High School,No,No,31.9,Fail
S1103,Male,16,4.1,70.1,48.8,5.9,Yes,,Yes,No,42.3,Pass
S1081,Female,17,18.0,90.5,74.2,7.8,Yes,High School,Yes,Yes,67.3,Pass
S1342,Male,18,4.4,100.0,53.9,9.4,Yes,Graduate,No,No,62.7,Pass
S1441,Female,15,1.8,65.2,60.7,6.2,Yes,Graduate,Yes,No,42.2,Pass
S1264,Female,17,5.2,77.7,43.3,7.3,No,Graduate,Yes,No,44.7,Pass
S1306,Male,18,4.1,70.2,70.8,7.0,No,Graduate,Yes,Yes,37.9,Fail
S1227,Male,17,2.7,66.5,56.1,8.4,No,High School,Yes,No,48.2,Pass
S1275,Male,18,2.8,62.9,58.9,5.5,No,High School,Yes,No,38.3,Fail
S1571,Female,17,2.4,91.5,60.6,6.5,No,High School,Yes,No,59.5,Pass
S1263,Male,17,4.8,74.7,68.4,7.3,No,High School,Yes,Yes,56.2,Pass
S1467,Female,15,1.0,58.8,76.7,5.1,No,High School,Yes,No,33.6,Fail
S1253,Male,17,4.4,92.7,35.4,6.2,No,Graduate,Yes,Yes,52.4,Pass
S1171,Male,17,4.6,82.7,58.0,4.9,Yes,Postgraduate,Yes,No,78.7,Pass
S1237,Male,15,0.0,76.2,68.9,5.4,Yes,Postgraduate,Yes,No,33.6,Fail
S1560,Female,18,7.0,94.7,51.3,5.8,No,,Yes,No,81.3,Pass
S1139,Female,16,4.4,81.4,100.0,7.9,Yes,Graduate,Yes,Yes,57.3,Pass
S1303,Female,17,5.0,69.3,67.3,6.9,No,High School,Yes,No,64.0,Pass
S1267,Female,16,5.3,88.6,77.1,5.7,No,Graduate,Yes,Yes,48.4,Pass
S1543,Female,17,,75.5,35.9,6.2,No,Postgraduate,Yes,No,54.5,Pass
S1369,Male,16,2.0,77.7,77.9,6.1,No,Graduate,Yes,Yes,53.5,Pass
S1212,Female,15,5.2,79.1,55.1,6.0,Yes,High School,Yes,Yes,44.2,Pass
S1198,Female,18,6.5,96.5,75.6,6.9,No,Graduate,Yes,No,79.6,Pass
S1023,Male,17,3.9,75.8,52.9,5.4,No,Graduate,Yes,No,48.7,Pass
S1015,Male,15,3.8,87.8,93.5,7.2,Yes,High School,Yes,No,61.5,Pass
S1163,Female,16,5.1,86.1,62.9,7.2,Yes,High School,Yes,No,62.6,Pass
S1529,Female,16,3.8,83.3,67.7,6.0,No,Graduate,Yes,No,43.8,Pass
S1532,Female,17,5.7,76.8,76.9,5.8,No,High School,Yes,No,53.8,Pass
S1408,Female,16,6.0,82.9,89.9,4.5,Yes,Graduate,Yes,No,58.5,Pass
S1037,Male,18,0.9,95.9,58.4,5.3,No,Graduate,Yes,No,33.2,Fail
S1515,Male,18,2.8,79.8,83.1,8.2,No,Graduate,Yes,Yes,56.0,Pass
S1206,Male,16,4.1,68.2,47.0,9.1,No,High School,Yes,Yes,47.2,Pass
S1295,Female,15,0.3,42.9,66.9,5.8,Yes,Graduate,Yes,No,38.6,Fail
S1437,Female,15,4.8,74.4,54.6,7.7,No,Graduate,Yes,Yes,48.0,Pass
S1073,Female,17,7.3,67.4,77.0,6.2,Yes,High School,Yes,No,63.7,Pass
S1388,Female,17,4.7,63.9,53.0,3.0,No,Postgraduate,Yes,No,52.5,Pass
S1104,Female,16,5.7,65.4,49.9,4.1,No,High School,Yes,No,37.7,Fail
S1201,Male,17,4.3,92.5,43.9,4.8,No,Postgraduate,Yes,No,54.3,Pass
S1016,Male,16,3.0,94.7,69.6,7.2,Yes,Graduate,No,No,42.5,Pass
S1091,Female,15,4.8,96.7,67.7,6.2,Yes,Graduate,Yes,No,71.1,Pass
S1088,Female,18,5.0,86.9,74.3,7.9,Yes,Postgraduate,No,No,65.1,Pass
S1492,Male,18,5.0,81.8,73.4,5.0,Yes,High School,Yes,No,57.4,Pass
S1205,Male,18,3.3,71.4,46.5,7.9,No,Graduate,No,No,45.0,Pass
S1102,Male,17,4.1,,57.6,8.1,No,Postgraduate,Yes,No,57.4,Pass
S1238,Female,18,4.8,72.4,54.7,9.1,No,High School,Yes,No,77.1,Pass
S1385,Female,16,3.4,77.7,49.8,3.7,No,High School,Yes,No,38.2,Fail
S1246,Male,18,5.2,97.9,62.6,6.6,No,Graduate,Yes,No,54.7,Pass
S1157,Female,17,6.1,100.0,55.4,7.8,No,Postgraduate,Yes,Yes,56.7,Pass
S1326,Female,17,4.0,89.0,71.2,6.4,No,High School,Yes,No,52.8,Pass
S1133,Male,18,3.5,74.7,52.6,5.9,No,Graduate,No,No,54.7,Pass
S1397,Male,15,20.0,61.8,47.9,6.8,Yes,Postgraduate,Yes,No,59.3,Pass
S1547,Female,15,2.2,79.1,70.3,6.8,Yes,High School,Yes,No,51.9,Pass
S1018,Male,15,3.9,78.1,33.0,6.3,No,Graduate,Yes,No,50.5,Pass
S1472,Male,18,5.1,79.5,43.3,4.1,Yes,Postgraduate,Yes,No,43.4,Pass
S1490,Male,16,2.2,74.3,56.5,6.3,Yes,High School,Yes,No,43.3,Pass
S1351,Female,15,1.2,,40.0,5.4,No,Postgraduate,Yes,Yes,28.6,Fail
S1274,Male,18,4.2,87.5,74.8,6.2,No,High School,No,No,70.6,Pass
S1461,Female,17,8.1,89.4,62.2,6.2,No,High School,Yes,No,85.1,Pass
S1536,Female,15,3.8,89.4,59.6,7.1,No,Graduate,Yes,No,61.3,Pass
S1311,Male,17,5.1,97.5,65.3,5.4,Yes,Graduate,Yes,Yes,64.2,Pass
S1435,Female,17,4.8,73.8,58.9,5.9,No,Graduate,Yes,Yes,39.9,Fail
S1489,Female,18,5.7,60.5,48.6,5.3,Yes,Postgraduate,No,No,64.1,Pass
S1268,Male,18,3.8,86.8,83.7,6.8,Yes,Postgraduate,Yes,No,55.3,Pass
S1034,Female,16,4.4,96.4,41.6,7.1,No,High School,No,Yes,48.3,Pass
S1181,Male,18,4.4,83.0,78.1,4.5,Yes,Postgraduate,Yes,No,59.5,Pass
S1184,Male,15,8.5,86.7,60.0,7.4,No,Graduate,Yes,Yes,68.8,Pass
S1207,Female,15,6.3,78.0,76.9,7.8,No,High School,Yes,No,61.8,Pass
S1094,Female,18,4.8,83.5,72.0,8.1,No,Graduate,Yes,No,53.4,Pass
S1519,Male,15,6.2,67.3,64.1,7.8,No,Postgraduate,No,No,66.4,Pass
S1416,Male,17,5.6,51.9,63.5,5.5,Yes,Graduate,Yes,Yes,52.3,Pass
S1353,Male,18,6.5,100.0,73.8,5.8,No,High School,Yes,No,77.5,Pass
S1122,Male,15,4.1,96.3,69.5,7.1,No,Postgraduate,No,No,52.5,Pass
S1470,Male,16,6.5,100.0,52.0,7.0,Yes,Graduate,No,Yes,55.1,Pass
S1078,Male,15,5.1,95.7,59.7,9.9,Yes,Graduate,Yes,Yes,63.1,Pass
S1350,Male,15,5.2,75.8,46.5,5.7,No,Graduate,No,Yes,43.4,Pass
S1061,Male,17,4.3,82.7,100.0,6.5,No,Graduate,No,Yes,62.2,Pass
S1251,Male,15,2.8,81.6,47.6,5.0,Yes,High School,Yes,No,55.4,Pass
S1125,Male,15,6.5,90.9,64.2,7.5,No,High School,No,Yes,81.9,Pass
S1439,Male,16,5.7,58.6,68.6,8.4,No,Graduate,Yes,No,62.5,Pass
S1436,Male,15,6.9,77.8,37.2,5.3,No,Graduate,No,Yes,58.5,Pass
S1592,Male,17,2.0,72.3,60.4,4.0,Yes,Postgraduate,Yes,No,33.4,Fail
S1347,Male,17,3.9,83.4,36.5,5.0,No,Graduate,Yes,No,56.2,Pass
S1485,Female,15,6.5,77.0,45.6,8.2,Yes,High School,Yes,No,60.8,Pass
S1574,Female,17,6.0,64.7,76.1,4.8,No,Postgraduate,Yes,No,52.8,Pass
S1387,Male,15,7.7,81.9,45.3,7.1,Yes,,Yes,Yes,57.2,Pass
S1067,Female,18,3.8,66.3,69.7,6.8,No,Postgraduate,No,No,50.3,Pass
S1024,Male,15,4.6,78.7,30.3,6.7,Yes,High School,Yes,No,59.3,Pass
S1453,Female,17,2.5,90.0,54.1,4.4,Yes,Postgraduate,Yes,No,48.1,Pass
S1498,Female,15,,80.6,58.7,5.3,No,High School,No,Yes,18.9,Fail
S1509,Female,16,4.1,59.0,80.1,4.8,Yes,High School,Yes,No,44.1,Pass
S1126,Female,15,8.1,73.6,80.4,6.6,No,Graduate,Yes,No,72.2,Pass
S1541,Female,16,3.0,79.3,72.4,6.7,No,High School,Yes,Yes,48.8,Pass
S1334,Male,17,3.5,83.8,49.7,4.3,Yes,Graduate,Yes,No,51.0,Pass
S1575,Female,18,5.1,75.4,95.5,8.7,No,High School,Yes,No,67.3,Pass
S1178,Female,16,3.9,68.6,50.7,5.2,Yes,Graduate,Yes,No,53.7,Pass
S1468,Male,17,5.8,75.0,50.6,8.1,No,Graduate,Yes,No,64.1,Pass
S1558,Female,17,6.2,90.0,70.2,8.8,No,Graduate,Yes,Yes,59.5,Pass
S1135,Male,16,,87.8,45.4,7.1,No,Postgraduate,Yes,No,41.9,Pass
S1223,Male,17,4.3,100.0,57.1,6.7,Yes,High School,No,Yes,54.4,Pass
S1595,Male,16,8.5,78.1,49.7,7.5,No,Graduate,No,Yes,69.2,Pass
S1561,Male,17,4.8,75.0,63.6,6.8,No,,Yes,Yes,55.1,Pass
S1501,Female,16,5.0,68.4,44.9,4.9,Yes,Postgraduate,Yes,Yes,47.7,Pass
S1093,Female,15,1.0,69.0,66.5,6.4,Yes,High School,Yes,No,54.1,Pass
S1478,Female,16,2.6,69.1,76.8,7.7,Yes,High School,Yes,Yes,30.6,Fail
S1069,Female,16,2.7,76.1,61.3,6.0,No,High School,Yes,No,39.4,Fail
S1036,Male,15,4.7,75.4,53.0,7.2,Yes,Graduate,Yes,No,51.5,Pass
S1296,Female,18,3.6,83.2,90.4,6.0,No,Graduate,Yes,No,70.2,Pass
S1160,Male,16,2.5,87.0,52.9,5.1,No,Graduate,No,No,46.7,Pass
S1362,Male,18,5.0,65.9,20.9,8.0,Yes,High School,No,No,26.3,Fail
S1011,Female,18,7.2,77.9,43.1,8.1,Yes,High School,No,No,84.5,Pass
S1144,Male,17,3.9,86.0,49.6,8.9,No,Graduate,Yes,Yes,50.7,Pass
S1503,Female,17,6.5,78.3,61.0,6.3,No,Graduate,No,No,59.1,Pass
S1127,Female,15,3.3,67.9,40.4,8.3,No,Graduate,Yes,Yes,26.5,Fail
S1403,Female,15,4.6,80.2,37.5,6.9,No,Graduate,Yes,Yes,26.7,Fail
S1302,Female,16,3.0,78.2,50.4,6.0,Yes,High School,Yes,No,41.8,Pass
S1009,Female,15,5.1,67.2,66.7,5.4,No,Postgraduate,Yes,Yes,50.6,Pass
S1523,Female,16,7.9,66.2,40.1,7.2,No,Graduate,No,Yes,51.9,Pass
S1176,Female,18,1.5,76.4,61.3,6.8,Yes,Graduate,Yes,No,43.7,Pass
S1231,Male,15,4.7,96.5,76.7,8.2,No,Postgraduate,Yes,No,61.6,Pass
S1210,Female,18,18.0,86.4,46.5,6.7,Yes,Graduate,Yes,No,51.1,Pass
S1128,Male,16,,,20.0,7.0,Yes,Graduate,Yes,Yes,29.3,Fail
S1143,Male,15,3.6,86.8,33.5,7.0,Yes,Graduate,No,No,46.9,Pass
S1241,Female,16,5.3,71.6,83.2,6.9,No,Postgraduate,Yes,No,66.5,Pass
S1007,Female,16,1.5,68.9,65.5,5.7,Yes,Graduate,Yes,No,48.1,Pass
S1404,Male,18,5.8,82.2,75.8,6.4,No,Graduate,Yes,Yes,54.6,Pass
S1298,Female,17,2.2,49.6,62.8,6.5,Yes,Postgraduate,Yes,Yes,48.5,Pass
S1310,Male,17,5.6,79.5,82.3,6.4,No,High School,Yes,No,66.4,Pass
S1254,Male,15,3.6,76.8,57.4,8.8,No,High School,Yes,No,50.4,Pass
S1520,Female,16,2.8,52.2,68.3,4.5,No,,Yes,No,36.1,Fail
S1531,Female,17,3.7,94.9,59.1,7.1,No,Graduate,Yes,Yes,56.2,Pass
S1008,Female,15,,84.4,58.4,5.1,No,Graduate,Yes,Yes,33.8,Fail
S1156,Female,18,2.9,80.9,50.1,7.2,No,Graduate,Yes,No,55.5,Pass
S1027,Male,18,5.3,83.8,63.6,6.1,Yes,Postgraduate,No,No,58.2,Pass
S1266,Female,16,4.4,48.9,67.5,7.7,Yes,Graduate,Yes,Yes,41.1,Pass
S1314,Female,18,6.4,74.5,41.2,6.3,Yes,Graduate,Yes,No,53.3,Pass
S1064,Male,16,3.0,77.8,59.2,5.2,Yes,Graduate,Yes,No,54.8,Pass
S1459,Male,18,5.8,94.5,63.9,8.8,No,High School,No,Yes,58.5,Pass
S1255,Female,15,4.6,75.6,84.9,8.5,No,Postgraduate,Yes,No,55.9,Pass
S1449,Male,16,4.0,80.9,76.5,5.0,No,Graduate,Yes,No,53.5,Pass
S1153,Male,16,3.0,78.3,62.3,7.7,No,Postgraduate,Yes,Yes,40.4,Pass
S1048,Female,16,4.9,89.4,69.3,9.7,Yes,High School,Yes,Yes,63.4,Pass
S1208,Male,17,4.3,76.0,42.2,6.8,No,Postgraduate,Yes,No,33.6,Fail
S1445,Female,17,6.5,76.0,66.3,5.9,No,Graduate,Yes,No,58.2,Pass
S1287,Female,15,3.9,78.7,80.6,5.1,No,Graduate,No,No,64.4,Pass
S1001,Female,16,1.7,,84.0,6.1,No,High School,Yes,Yes,46.9,Pass
S1427,Female,15,1.9,85.4,85.1,6.4,Yes,Postgraduate,Yes,Yes,57.1,Pass
S1341,Male,17,1.4,83.1,45.7,8.6,No,Postgraduate,No,No,43.3,Pass
S1269,Male,15,6.6,74.6,44.8,7.6,No,Postgraduate,No,No,48.0,Pass
S1265,Female,16,6.4,69.0,63.7,5.5,Yes,High School,Yes,Yes,50.8,Pass
S1544,Female,16,3.3,76.5,86.2,7.3,No,Graduate,No,Yes,63.7,Pass
S1463,Female,17,3.4,93.8,66.1,5.1,Yes,High School,Yes,Yes,40.2,Pass
S1473,Female,15,5.5,84.6,78.5,6.9,No,Graduate,Yes,No,64.0,Pass
S1368,Male,17,3.3,93.6,70.2,7.0,No,High School,Yes,No,53.4,Pass
S1095,Male,16,4.4,,71.3,5.9,Yes,High School,Yes,Yes,51.8,Pass
S1578,Male,18,6.2,93.7,64.6,5.5,No,Postgraduate,Yes,No,66.1,Pass
S1352,Female,17,6.7,92.2,57.2,5.7,No,Graduate,Yes,No,62.3,Pass
S1042,Male,17,7.0,73.3,76.3,4.9,No,Graduate,Yes,No,77.2,Pass
S1361,Female,18,6.1,93.8,53.7,6.2,Yes,Postgraduate,Yes,No,44.9,Pass
S1562,Male,17,2.7,81.5,67.5,4.9,Yes,High School,Yes,No,47.4,Pass
S1599,Male,15,3.8,73.6,72.2,8.2,No,Graduate,Yes,No,49.6,Pass
S1116,Female,16,6.6,83.5,48.5,6.2,Yes,High School,Yes,No,62.1,Pass
S1424,Male,16,6.0,84.2,66.6,5.6,No,Postgraduate,No,Yes,54.2,Pass
S1045,Female,18,1.7,78.0,54.1,4.9,No,High School,Yes,Yes,47.9,Pass
S1161,Female,16,4.8,82.6,73.1,7.7,Yes,Graduate,Yes,No,59.6,Pass
S1530,Female,16,4.1,64.9,68.6,6.7,Yes,High School,Yes,No,56.9,Pass
S1117,Male,18,4.4,100.0,45.9,6.5,No,Postgraduate,Yes,No,56.4,Pass
S1288,Male,15,4.0,83.1,26.8,5.9,No,High School,No,No,41.0,Pass
S1077,Male,17,5.8,58.6,62.9,6.4,No,Graduate,Yes,No,44.7,Pass
S1534,Female,15,3.0,86.5,68.5,3.3,No,High School,Yes,No,47.5,Pass
S1389,Female,18,4.8,92.3,66.9,5.9,No,High School,Yes,Yes,62.3,Pass
S1567,Male,15,2.3,57.0,41.4,5.8,No,Graduate,Yes,No,41.3,Pass
S1412,Female,18,2.9,76.4,68.0,5.9,Yes,Graduate,Yes,No,36.0,Fail
S1063,Male,17,5.3,80.2,63.3,7.7,No,High School,No,No,58.0,Pass
S1338,Male,16,3.1,74.0,41.8,6.2,No,High School,Yes,No,45.0,Pass
S1315,Female,16,4.4,59.2,69.1,5.7,No,High School,Yes,Yes,44.9,Pass
S1299,Male,17,3.5,65.9,50.1,5.4,No,Postgraduate,Yes,No,48.4,Pass
S1399,Female,15,3.9,100.0,67.8,10.0,Yes,Graduate,Yes,No,61.7,Pass
S1230,Female,15,3.0,100.0,42.3,7.8,No,Graduate,Yes,No,52.5,Pass
S1297,Male,18,2.8,88.8,39.6,5.3,No,Postgraduate,Yes,No,50.0,Pass
S1186,Female,15,3.1,98.7,38.3,6.1,Yes,Graduate,Yes,Yes,40.2,Pass
S1480,Female,18,1.0,70.7,54.6,8.1,Yes,Postgraduate,Yes,Yes,36.9,Fail
S1199,Female,15,5.2,100.0,58.9,8.4,No,Postgraduate,No,No,47.3,Pass
S1420,Female,15,8.3,82.0,72.6,6.3,Yes,Graduate,Yes,No,60.7,Pass
S1365,Male,17,0.0,76.6,66.1,7.1,Yes,High School,Yes,Yes,38.8,Fail
S1487,Male,15,1.2,87.1,59.3,6.9,No,High School,Yes,No,41.5,Pass
S1396,Female,18,5.3,88.5,61.3,7.5,No,High School,Yes,Yes,48.7,Pass
S1121,Female,17,5.6,81.2,29.9,6.6,No,Postgraduate,Yes,No,50.9,Pass
S1581,Female,18,4.7,75.5,81.8,7.2,No,High School,Yes,No,67.2,Pass
S1247,Female,18,3.8,72.5,63.7,7.2,Yes,Postgraduate,No,No,50.3,Pass
S1307,Male,16,2.8,68.4,40.6,5.2,No,High School,Yes,Yes,28.0,Fail
S1577,Female,17,3.4,87.4,39.3,8.6,No,Graduate,Yes,No,53.7,Pass
S1496,Female,15,2.9,76.1,37.6,6.6,No,High School,Yes,No,42.8,Pass
S1363,Female,16,3.3,91.7,63.0,6.8,No,Graduate,Yes,No,55.3,Pass
S1158,Male,18,6.6,84.8,39.8,5.6,No,High School,Yes,No,64.9,Pass
S1085,Male,16,1.6,72.1,39.3,7.0,Yes,Graduate,Yes,No,35.4,Fail
S1469,Female,18,8.4,67.9,83.0,6.2,Yes,Graduate,Yes,Yes,79.0,Pass
S1225,Male,16,2.2,85.0,71.8,5.8,No,Postgraduate,Yes,No,43.3,Pass
S1376,Female,17,4.1,73.3,49.9,,Yes,Graduate,Yes,Yes,44.1,Pass
S1262,Male,15,5.0,95.9,79.2,5.0,No,High School,Yes,No,73.0,Pass
S1331,Female,16,4.2,93.4,51.0,6.4,No,High School,Yes,No,53.2,Pass
S1233,Male,18,3.9,64.6,70.8,5.9,Yes,Graduate,No,Yes,37.9,Fail
S1076,Female,15,5.1,61.5,69.8,6.1,No,Graduate,Yes,No,53.0,Pass
S1475,Female,15,4.5,98.3,51.8,6.4,Yes,Graduate,No,No,62.7,Pass
S1533,Female,18,8.0,78.2,55.0,6.5,No,Postgraduate,Yes,Yes,48.7,Pass
S1149,Male,15,4.9,70.2,76.8,5.5,No,Postgraduate,Yes,Yes,54.5,Pass
S1087,Female,16,5.1,,72.9,8.1,Yes,Postgraduate,Yes,Yes,42.0,Pass
S1457,Male,17,1.6,56.0,39.5,8.5,No,Graduate,Yes,No,29.2,Fail
S1421,Female,16,3.9,80.3,50.7,7.4,Yes,Postgraduate,Yes,No,60.0,Pass
S1548,Female,17,2.8,79.9,52.5,7.4,Yes,Graduate,Yes,No,46.1,Pass
S1182,Female,17,4.0,67.4,57.9,6.6,No,High School,Yes,No,43.7,Pass
S1476,Male,17,4.2,70.5,62.4,4.7,No,High School,Yes,No,60.9,Pass
S1513,Female,15,7.1,88.7,42.8,5.9,No,Graduate,Yes,No,74.1,Pass
S1105,Male,17,3.1,84.4,57.8,7.3,No,Graduate,Yes,No,45.5,Pass
S1332,Male,16,5.1,78.8,32.0,7.7,Yes,Postgraduate,Yes,No,47.5,Pass
S1438,Female,15,3.6,87.6,73.4,7.6,Yes,Graduate,Yes,No,57.0,Pass
S1049,Male,18,2.7,60.2,54.5,7.1,Yes,High School,Yes,Yes,56.8,Pass
S1335,Male,16,1.0,67.8,71.9,5.3,No,High School,Yes,No,33.8,Fail
S1005,Male,16,5.9,89.9,55.0,7.8,Yes,Graduate,Yes,Yes,62.0,Pass
S1017,Female,16,4.7,84.7,67.5,6.2,No,Graduate,Yes,No,56.8,Pass
S1234,Male,18,3.0,79.7,66.6,8.1,No,Graduate,Yes,No,66.7,Pass
S1486,Male,18,5.7,59.9,65.2,7.5,No,Postgraduate,Yes,Yes,48.4,Pass
S1539,Male,17,7.0,82.3,54.5,7.1,Yes,High School,No,No,58.3,Pass
S1497,Male,17,4.6,86.1,50.2,6.2,No,High School,No,No,54.5,Pass
S1372,Male,16,,88.1,52.4,7.2,No,High School,Yes,No,36.3,Fail
S1110,Male,17,4.4,60.9,60.0,5.7,No,Graduate,Yes,No,57.2,Pass
S1106,Male,18,4.2,92.2,48.1,,No,Postgraduate,Yes,Yes,37.5,Fail
S1443,Male,16,5.3,98.5,50.1,6.0,No,High School,No,No,45.5,Pass
S1488,Female,15,2.2,79.0,60.5,4.3,No,Graduate,No,Yes,40.3,Pass
S1012,Female,16,0.3,91.0,42.1,4.7,No,High School,Yes,No,44.1,Pass
S1190,Male,16,5.1,61.0,52.4,7.1,No,Postgraduate,No,Yes,35.2,Fail
S1282,Male,16,1.1,69.2,90.4,6.4,No,High School,Yes,No,39.2,Fail
S1029,Male,17,3.7,54.3,46.2,7.1,No,Graduate,No,No,38.1,Fail
S1169,Female,16,3.3,85.1,51.3,4.7,No,High School,Yes,No,49.3,Pass
S1180,Male,16,3.1,,69.2,7.0,Yes,High School,Yes,No,48.5,Pass
S1100,Male,17,3.9,61.8,59.6,5.7,Yes,High School,Yes,No,48.3,Pass
S1197,Female,17,6.1,80.2,42.9,6.3,Yes,High School,Yes,Yes,53.8,Pass
S1495,Male,18,1.6,79.4,46.1,7.3,No,Graduate,Yes,No,44.7,Pass
S1597,Male,16,5.5,76.7,81.7,7.0,No,Graduate,Yes,No,67.8,Pass
S1373,Female,16,4.6,84.6,58.8,8.1,Yes,High School,Yes,No,54.7,Pass
S1460,Male,17,2.8,76.4,54.5,7.7,Yes,High School,No,Yes,31.4,Fail
S1413,Female,15,7.4,66.3,73.3,8.1,Yes,High School,Yes,No,69.0,Pass
S1131,Male,16,3.1,64.8,78.6,7.4,Yes,High School,Yes,No,47.8,Pass
S1039,Male,17,,74.0,37.5,6.1,No,Graduate,Yes,No,38.5,Fail
S1434,Male,15,4.6,75.3,55.6,7.6,No,Graduate,No,Yes,48.8,Pass
S1215,Male,18,4.4,75.7,57.6,8.5,No,Postgraduate,Yes,No,49.6,Pass
S1474,Female,15,5.4,78.5,57.7,4.0,No,High School,Yes,No,56.5,Pass
S1456,Male,16,2.8,70.2,70.3,7.1,No,High School,Yes,No,43.4,Pass
S1260,Female,15,4.6,89.0,54.4,,Yes,,No,No,51.6,Pass
S1035,Female,18,2.2,92.6,67.5,5.3,Yes,Postgraduate,Yes,No,46.5,Pass
S1309,Male,18,4.7,66.6,67.1,4.2,No,High School,Yes,Yes,47.9,Pass
S1276,Female,17,5.5,81.5,55.2,6.3,No,High School,Yes,Yes,54.9,Pass
S1393,Female,18,3.6,74.9,81.3,7.0,No,,No,No,53.0,Pass
S1107,Female,18,3.2,86.6,55.4,5.0,No,Graduate,Yes,No,64.4,Pass
S1565,Female,18,4.1,87.7,71.1,6.1,No,High School,Yes,No,62.4,Pass
S1524,Female,16,1.9,76.4,75.7,8.1,Yes,High School,Yes,No,51.6,Pass
S1047,Female,16,4.0,92.3,54.9,6.1,No,Postgraduate,No,No,59.4,Pass
S1203,Female,16,2.5,85.1,72.3,8.2,No,High School,Yes,No,67.6,Pass
S1021,Male,16,4.3,74.3,50.7,3.6,No,High School,No,No,53.6,Pass
S1402,Male,16,5.6,84.2,69.8,6.1,No,Postgraduate,No,Yes,47.5,Pass
S1083,Male,15,5.1,99.9,66.1,,No,Graduate,No,Yes,62.2,Pass
S1130,Male,16,6.8,100.0,87.0,8.3,No,Postgraduate,Yes,No,90.4,Pass
S1415,Male,17,4.4,76.6,86.9,7.0,No,Graduate,Yes,Yes,54.2,Pass
S1286,Male,17,2.3,65.8,57.3,4.9,Yes,Postgraduate,Yes,Yes,28.3,Fail
S1123,Male,16,5.9,84.1,41.4,8.4,Yes,High School,Yes,Yes,51.8,Pass
S1033,Female,15,2.6,85.2,89.4,5.0,No,High School,Yes,No,61.7,Pass
S1516,Male,18,2.7,97.3,43.2,4.8,Yes,High School,Yes,No,49.3,Pass
S1019,Male,17,,62.3,51.9,6.9,Yes,Graduate,Yes,Yes,38.7,Fail
S1555,Male,18,5.5,99.3,47.5,5.6,Yes,High School,Yes,No,73.1,Pass
S1219,Female,15,4.5,76.5,52.3,3.8,Yes,High School,Yes,Yes,53.1,Pass
S1481,Female,16,3.8,77.6,40.1,5.4,Yes,,Yes,Yes,43.1,Pass
S1356,Male,16,4.9,80.3,38.2,5.1,No,High School,Yes,No,36.3,Fail
S1224,Male,18,5.9,92.7,96.2,9.0,Yes,High School,Yes,Yes,70.8,Pass
S1092,Female,18,3.9,78.4,50.4,5.5,Yes,High School,No,Yes,47.4,Pass
S1151,Male,18,,85.0,59.9,4.7,No,Graduate,Yes,No,75.6,Pass
S1590,Male,15,0.7,68.3,54.2,6.4,No,Graduate,Yes,No,32.0,Fail
S1317,Male,17,2.8,77.1,53.2,6.1,Yes,High School,Yes,Yes,46.0,Pass
S1448,Male,15,3.7,66.9,27.7,6.9,Yes,Postgraduate,Yes,No,45.2,Pass
S1522,Female,17,2.5,75.5,65.9,5.9,No,Graduate,Yes,No,47.1,Pass
S1279,Female,18,0.6,77.6,91.3,6.1,Yes,Graduate,Yes,No,43.9,Pass
S1349,Female,18,5.6,83.1,61.6,5.1,Yes,High School,No,No,56.1,Pass
S1374,Male,18,3.9,75.1,65.2,5.7,No,Graduate,Yes,No,53.0,Pass
S1400,Male,18,4.1,66.0,66.3,3.8,No,Graduate,Yes,Yes,57.5,Pass
S1257,Female,18,6.6,68.1,63.5,6.3,No,Postgraduate,Yes,No,66.0,Pass
S1072,Male,17,2.9,72.7,57.1,7.6,Yes,Graduate,Yes,Yes,41.2,Pass
S1195,Male,16,4.9,100.0,64.5,6.2,Yes,Graduate,No,No,59.5,Pass
S1483,Female,15,2.0,69.7,63.9,6.8,No,Graduate,Yes,No,46.3,Pass
S1137,Female,16,2.6,71.0,67.6,6.9,Yes,High School,Yes,No,48.3,Pass
S1494,Male,15,4.2,55.5,32.3,8.5,No,Graduate,No,No,56.1,Pass
S1550,Female,18,4.1,,64.4,8.0,No,Postgraduate,Yes,No,50.5,Pass
S1462,Female,18,5.8,97.3,33.4,8.0,Yes,,Yes,No,59.2,Pass
S1201,Male,17,4.3,92.5,43.9,4.8,No,Postgraduate,Yes,No,54.3,Pass
S1312,Male,15,5.9,81.9,55.3,7.7,No,Graduate,Yes,No,65.2,Pass
S1290,Male,15,6.7,80.1,38.6,5.5,Yes,High School,Yes,No,44.7,Pass
S1189,Male,15,7.3,89.2,41.7,6.9,Yes,High School,Yes,No,76.5,Pass
S1112,Female,15,6.3,74.1,69.9,7.7,No,High School,Yes,No,57.3,Pass
S1183,Female,18,6.1,72.8,53.2,6.2,No,High School,Yes,No,48.0,Pass
S1152,Male,17,2.9,92.9,55.1,6.5,Yes,Graduate,Yes,Yes,41.0,Pass
S1325,Female,17,3.0,60.7,50.3,7.6,No,High School,No,Yes,47.5,Pass
S1044,Male,17,0.7,79.9,64.6,5.6,Yes,Postgraduate,Yes,No,33.3,Fail
S1444,Female,15,3.5,76.7,70.5,7.8,No,High School,Yes,Yes,44.0,Pass
S1006,Male,15,2.7,75.9,77.6,6.1,No,Postgraduate,No,Yes,47.3,Pass
S1250,Male,18,1.3,66.0,36.0,6.8,Yes,Graduate,Yes,No,22.4,Fail
S1075,Female,18,3.0,98.5,20.0,4.6,Yes,High School,No,No,50.7,Pass
S1512,Female,15,1.5,59.0,72.2,7.9,No,High School,Yes,No,26.1,Fail
S1391,Male,17,4.4,80.4,56.2,8.3,No,Graduate,Yes,No,36.4,Fail
S1432,Female,18,3.9,82.4,70.4,8.6,No,Graduate,Yes,No,53.0,Pass
S1068,Male,15,6.1,92.4,68.3,5.3,Yes,Graduate,Yes,Yes,51.5,Pass
S1167,Male,16,7.2,67.8,58.5,5.3,Yes,Graduate,Yes,No,56.8,Pass
S1554,Female,15,,70.2,46.3,,Yes,Graduate,Yes,Yes,57.2,Pass
S1366,Female,15,6.1,52.5,78.5,5.1,No,High School,Yes,Yes,55.6,Pass
S1345,Female,18,,94.9,68.8,4.5,Yes,High School,Yes,No,54.7,Pass
S1584,Female,17,4.2,89.6,50.9,,Yes,,Yes,No,54.4,Pass
S1535,Female,18,1.5,80.8,44.7,5.6,No,High School,Yes,Yes,30.0,Fail
S1398,Female,18,5.3,79.5,47.5,,No,High School,No,No,61.2,Pass
S1185,Female,18,3.0,73.5,69.0,6.1,Yes,Graduate,No,No,40.9,Pass
S1348,Male,15,3.7,65.3,84.3,6.8,No,Graduate,Yes,No,50.1,Pass
S1211,Female,16,5.3,89.5,69.6,6.5,Yes,High School,Yes,No,60.7,Pass
S1579,Male,18,4.3,94.7,70.8,8.9,Yes,High School,Yes,Yes,62.7,Pass
S1502,Male,17,4.4,90.9,63.1,6.9,Yes,Graduate,Yes,No,53.1,Pass
S1537,Male,17,8.6,81.4,57.4,5.2,Yes,Graduate,Yes,No,64.1,Pass
S1196,Female,17,5.9,71.2,69.3,6.4,No,Graduate,Yes,No,59.2,Pass
S1175,Male,15,2.6,70.7,78.5,7.3,No,Graduate,Yes,Yes,30.6,Fail
