,student_id,gender,age,study_hours_per_day,attendance_percentage,previous_score,sleep_hours,extra_curricular,parental_education,internet_access,part_time_job,final_exam_score,pass_fail,study_efficiency
0,S1401,Female,17,0.4,69.9,81.0,8.7,No,High School,Yes,No,33.2,Fail,83.0
1,S1283,Male,15,5.4,68.3,60.1,7.1,Yes,High School,No,Yes,56.6,Pass,10.481481481481481
2,S1414,Female,16,3.7,91.3,55.2,5.8,No,Postgraduate,Yes,No,44.3,Pass,11.972972972972972
3,S1482,Male,15,2.2,72.8,53.8,7.2,Yes,Graduate,Yes,No,41.2,Pass,18.727272727272727
4,S1419,Female,15,4.7,76.9,66.3,8.9,No,Graduate,No,No,57.8,Pass,12.297872340425531
5,S1168,Male,15,2.9,71.0,64.0,7.1,Yes,High School,No,No,41.9,Pass,14.448275862068966
6,S1245,Female,15,5.6,99.3,60.8,7.1,Yes,High School,Yes,No,68.5,Pass,12.232142857142858
7,S1552,Female,16,4.4,89.6,48.2,7.1,No,Graduate,No,No,44.2,Pass,10.045454545454545
8,S1232,Female,16,6.8,72.1,70.7,5.5,Yes,High School,Yes,Yes,55.3,Pass,8.132352941176471
9,S1452,Male,16,6.9,80.3,70.4,6.3,Yes,Graduate,No,Yes,64.7,Pass,9.376811594202898
10,S1588,Male,15,2.6,77.7,51.8,6.3,No,Graduate,No,No,37.8,Fail,14.538461538461537
11,S1324,Female,15,4.9,79.4,54.6,6.1,No,Graduate,Yes,No,52.7,Pass,10.755102040816327
12,S1140,Female,17,6.8,75.0,65.9,6.7,No,High School,Yes,Yes,56.8,Pass,8.352941176470589
13,S1292,Female,17,3.6,68.1,53.6,5.9,Yes,High School,Yes,No,41.0,Pass,11.38888888888889
14,S1115,Female,18,3.2,84.7,48.6,5.0,No,Postgraduate,Yes,No,52.2,Pass,16.3125
15,S1249,Female,18,2.1,83.6,82.3,6.1,Yes,High School,Yes,Yes,66.0,Pass,31.428571428571427
16,S1202,Male,15,6.2,90.3,36.7,7.3,Yes,High School,Yes,Yes,44.8,Pass,7.225806451612902
17,S1101,Female,18,5.2,66.3,46.8,6.5,Yes,Postgraduate,Yes,No,54.6,Pass,10.5
18,S1517,Female,17,5.6,88.8,46.2,4.7,Yes,Graduate,Yes,No,45.8,Pass,8.178571428571429
19,S1192,Female,18,5.1,59.7,53.2,7.5,No,Graduate,Yes,No,49.6,Pass,9.725490196078432
20,S1511,Male,15,2.8,84.1,72.4,4.5,No,High School,Yes,No,48.5,Pass,17.321428571428573
21,S1465,Male,16,8.1,86.9,39.7,5.7,No,Postgraduate,Yes,No,64.3,Pass,7.938271604938271
22,S1239,Male,17,3.1,58.9,51.4,5.8,No,Graduate,No,No,33.9,Fail,10.935483870967742
23,S1404,Male,18,5.8,82.2,75.8,6.4,No,Graduate,Yes,Yes,54.6,Pass,9.413793103448276
24,S1243,Male,17,3.0,43.5,38.0,7.6,Yes,Postgraduate,Yes,No,42.3,Pass,14.1
25,S1428,Male,17,6.9,66.8,59.9,6.6,No,Graduate,Yes,No,54.8,Pass,7.942028985507245
26,S1278,Female,16,3.2,83.6,47.5,5.9,Yes,High School,Yes,No,57.4,Pass,17.9375
27,S1188,Female,17,5.2,80.7,51.7,6.5,No,Graduate,Yes,No,60.0,Pass,11.538461538461538
28,S1132,Male,17,3.2,75.3,63.1,5.9,No,High School,Yes,Yes,32.8,Fail,10.249999999999998
29,S1294,Male,16,4.4,65.1,36.0,7.3,No,High School,Yes,No,39.2,Fail,8.909090909090908
30,S1514,Male,16,1.8,72.2,72.3,6.4,No,Graduate,Yes,No,53.3,Pass,29.611111111111107
31,S1141,Male,18,2.2,97.3,52.4,7.7,No,Graduate,No,No,49.6,Pass,22.545454545454543
32,S1379,Male,17,3.1,74.1,43.7,5.3,Yes,High School,No,No,31.8,Fail,10.258064516129032
33,S1549,Female,17,1.8,65.7,64.0,3.8,Yes,High School,No,Yes,57.9,Pass,32.166666666666664
34,S1271,Female,16,7.2,84.2,41.1,7.1,No,High School,No,No,54.4,Pass,7.555555555555555
35,S1343,Male,15,5.9,65.2,70.3,6.3,No,Postgraduate,Yes,No,45.6,Pass,7.728813559322034
36,S1510,Female,15,2.7,81.2,40.5,7.1,Yes,Graduate,Yes,No,42.6,Pass,15.777777777777777
37,S1155,Male,18,3.0,78.40779661016948,47.0,8.5,No,High School,Yes,No,55.6,Pass,18.533333333333335
38,S1594,Female,18,4.280508474576271,84.6,59.8,4.1,Yes,Graduate,Yes,No,71.8,Pass,16.773708176598692
39,S1446,Female,17,3.7,78.8,67.4,7.3,Yes,Graduate,No,Yes,50.6,Pass,13.675675675675675
40,S1499,Female,18,4.8,69.0,38.3,6.6,Yes,High School,Yes,No,53.2,Pass,11.083333333333334
41,S1546,Male,18,3.0,71.4,40.6,5.7,No,Graduate,Yes,No,52.5,Pass,17.5
42,S1099,Male,16,5.9,80.2,76.1,3.6,No,Postgraduate,Yes,No,83.0,Pass,14.067796610169491
43,S1209,Male,16,4.1,72.6,84.6,7.9,No,Postgraduate,Yes,No,56.4,Pass,13.756097560975611
44,S1142,Male,17,5.8,83.9,59.6,5.2,Yes,Graduate,Yes,No,61.7,Pass,10.63793103448276
45,S1386,Male,15,3.4,67.2,77.9,5.7,No,Postgraduate,Yes,Yes,39.7,Fail,11.676470588235295
46,S1256,Female,16,1.7,67.5,60.3,5.9,No,High School,Yes,Yes,43.4,Pass,25.52941176470588
47,S1583,Male,16,3.4,68.3,70.4,6.5,No,Graduate,Yes,No,43.7,Pass,12.852941176470589
48,S1213,Male,18,7.9,95.7,69.0,8.5,Yes,High School,Yes,No,81.8,Pass,10.354430379746834
49,S1070,Female,16,3.9,77.7,57.0,5.2,Yes,Graduate,No,No,57.1,Pass,14.641025641025642
50,S1134,Female,18,1.6,81.7,72.1,6.9,No,Graduate,Yes,No,38.3,Fail,23.937499999999996
51,S1284,Female,17,5.4,80.4,57.1,7.6,Yes,Postgraduate,No,No,68.4,Pass,12.666666666666666
52,S1060,Male,17,4.9,71.4,28.0,3.1,Yes,Postgraduate,Yes,No,27.6,Fail,5.63265306122449
53,S1364,Female,17,5.4,93.8,66.6,5.8,Yes,Postgraduate,Yes,No,68.7,Pass,12.722222222222221
54,S1053,Female,16,1.5,75.3,59.2,9.2,No,Graduate,Yes,No,47.2,Pass,31.46666666666667
55,S1327,Female,15,7.9,70.0,57.3,4.7,No,Graduate,Yes,No,65.0,Pass,8.227848101265822
56,S1346,Female,18,5.9,77.0,89.6,8.4,No,High School,Yes,Yes,65.9,Pass,11.169491525423728
57,S1556,Male,15,0.4,63.7,59.0,6.1,No,Postgraduate,No,No,46.3,Pass,115.74999999999999
58,S1405,Female,17,0.0,83.9,45.0,5.9,No,Postgraduate,Yes,No,37.2,Fail,inf
59,S1220,Female,15,5.1,96.2,56.6,7.3,No,Graduate,No,Yes,65.0,Pass,12.745098039215687
60,S1200,Female,17,3.7,100.0,70.1,7.9,Yes,Graduate,Yes,Yes,53.0,Pass,14.324324324324323
61,S1336,Female,15,4.7,70.3,30.4,8.5,Yes,Graduate,Yes,No,53.9,Pass,11.468085106382977
62,S1013,Male,16,7.1,78.40779661016948,62.1,4.8,Yes,High School,Yes,No,58.8,Pass,8.28169014084507
63,S1508,Female,18,4.1,56.4,85.1,7.2,Yes,High School,Yes,Yes,54.2,Pass,13.219512195121952
64,S1003,Female,16,3.7,81.9,55.6,6.9,No,Graduate,No,No,71.0,Pass,19.18918918918919
65,S1564,Male,15,5.0,76.4,61.1,6.9,No,Postgraduate,No,No,48.9,Pass,9.78
66,S1447,Female,18,4.2,91.9,52.1,6.3,No,High School,Yes,No,52.1,Pass,12.404761904761905
67,S1052,Female,18,2.9,61.6,76.9,7.8,No,Graduate,Yes,No,63.6,Pass,21.931034482758623
68,S1293,Male,16,4.0,79.0,68.8,6.7,No,Postgraduate,Yes,No,56.7,Pass,14.175
69,S1244,Male,17,1.7,77.7,62.5,7.0,No,Graduate,Yes,No,60.3,Pass,35.470588235294116
70,S1050,Female,17,4.3,47.4,65.7,4.7,No,High School,Yes,Yes,60.3,Pass,14.023255813953488
71,S1553,Female,17,1.2,83.1,49.6,8.1,No,Graduate,Yes,No,49.5,Pass,41.25
72,S1407,Male,15,3.7,91.3,63.8,6.9,No,High School,Yes,No,57.8,Pass,15.62162162162162
73,S1423,Male,18,5.9,72.8,43.5,8.2,Yes,Graduate,Yes,No,62.9,Pass,10.661016949152541
74,S1109,Male,18,3.4,68.9,63.2,6.3,Yes,Graduate,No,Yes,41.9,Pass,12.323529411764707
75,S1242,Female,18,4.4,64.0,41.4,8.5,No,Graduate,Yes,No,50.7,Pass,11.522727272727272
76,S1146,Female,17,2.0,80.2,52.1,5.4,No,Postgraduate,No,No,47.2,Pass,23.6
77,S1030,Female,17,4.0,66.7,22.0,7.0,Yes,Graduate,Yes,No,22.2,Fail,5.55
78,S1572,Male,15,2.7,64.9,70.2,6.8,Yes,High School,Yes,Yes,43.2,Pass,16.0
79,S1172,Male,18,5.2,63.6,81.3,7.2,No,Graduate,Yes,No,58.8,Pass,11.307692307692307
80,S1589,Male,16,1.6,81.4,72.9,6.9,Yes,High School,Yes,No,33.9,Fail,21.187499999999996
81,S1022,Male,15,3.3,70.7,57.5,6.5,No,High School,Yes,No,42.2,Pass,12.787878787878789
82,S1359,Female,17,2.8,74.5,65.5,5.8,Yes,Graduate,Yes,No,62.9,Pass,22.464285714285715
83,S1187,Female,18,5.9,73.2,25.6,7.5,No,Graduate,Yes,No,40.5,Pass,6.864406779661016
84,S1418,Female,16,4.3,71.6,70.0,7.4,No,Postgraduate,Yes,No,49.0,Pass,11.395348837209303
85,S1051,Female,16,2.6,89.2,59.6,5.8,Yes,Postgraduate,Yes,No,45.2,Pass,17.384615384615387
86,S1179,Male,16,7.2,85.8,55.3,3.9,Yes,Graduate,Yes,No,72.0,Pass,10.0
87,S1319,Male,15,4.4,100.0,64.0,7.6,No,Graduate,No,No,70.2,Pass,15.954545454545453
88,S1217,Female,17,6.8,55.6,45.0,4.7,Yes,High School,No,No,58.5,Pass,8.602941176470589
89,S1563,Male,17,3.9,81.1,67.1,6.0,No,High School,Yes,No,66.2,Pass,16.974358974358974
90,S1098,Male,15,2.1,73.6,65.3,7.6,No,Postgraduate,Yes,Yes,49.9,Pass,23.76190476190476
91,S1425,Female,17,4.280508474576271,74.9,71.7,7.5,No,Graduate,No,No,59.3,Pass,13.85349435755296
92,S1433,Male,17,4.6,100.0,72.7,7.8,No,High School,Yes,No,55.4,Pass,12.043478260869566
93,S1377,Male,16,1.7,66.9,60.5,5.7,Yes,High School,Yes,No,34.8,Fail,20.470588235294116
94,S1442,Male,15,5.1,89.4,60.1,4.4,Yes,Graduate,Yes,Yes,48.2,Pass,9.450980392156865
95,S1277,Female,18,2.8,61.7,62.3,4.5,Yes,High School,Yes,No,48.4,Pass,17.285714285714285
96,S1384,Female,16,3.4,78.40779661016948,34.1,3.6,No,High School,Yes,No,33.8,Fail,9.941176470588236
97,S1509,Female,16,4.1,59.0,80.1,4.8,Yes,High School,Yes,No,44.1,Pass,10.756097560975611
98,S1430,Male,17,4.5,71.6,43.6,6.3,No,Postgraduate,Yes,No,45.2,Pass,10.044444444444444
99,S1285,Male,17,4.8,91.8,54.6,5.7,No,High School,Yes,No,78.3,Pass,16.3125
100,S1097,Male,15,1.7,79.6,70.6,6.5,Yes,High School,Yes,Yes,35.1,Fail,20.647058823529413
101,S1585,Male,18,3.7,97.4,85.8,6.7,Yes,High School,Yes,No,60.5,Pass,16.35135135135135
102,S1308,Female,18,5.3,72.2,45.7,6.4,Yes,Graduate,No,No,62.5,Pass,11.79245283018868
103,S1193,Female,16,6.0,78.40779661016948,81.8,7.3,No,Graduate,Yes,No,70.8,Pass,11.799999999999999
104,S1559,Female,17,4.280508474576271,70.0,82.3,5.4,Yes,High School,Yes,No,36.5,Fail,8.527024351613543
105,S1055,Female,16,1.6,56.4,78.9,4.1,No,Graduate,Yes,No,30.9,Fail,19.312499999999996
106,S1455,Male,17,0.1,86.1,69.3,7.5,Yes,Graduate,Yes,No,39.5,Fail,395.0
107,S1464,Female,17,0.0,97.7,44.6,5.4,No,Graduate,No,Yes,30.6,Fail,inf
108,S1422,Male,16,4.4,86.5,51.6,6.6,No,High School,Yes,No,52.5,Pass,11.931818181818182
109,S1344,Male,18,7.0,78.3,61.6,6.9,No,High School,Yes,No,60.0,Pass,8.571428571428571
110,S1236,Male,16,1.4,81.9,70.1,7.2,Yes,Postgraduate,Yes,Yes,41.4,Pass,29.571428571428573
111,S1506,Female,17,4.2,69.5,51.8,6.0,Yes,Postgraduate,Yes,Yes,41.1,Pass,9.785714285714286
112,S1382,Female,15,6.7,90.0,70.0,6.9,Yes,High School,Yes,No,64.8,Pass,9.671641791044776
113,S1411,Female,16,2.1,100.0,57.3,5.0,No,Postgraduate,Yes,Yes,51.7,Pass,24.61904761904762
114,S1355,Female,15,4.7,78.40779661016948,82.7,7.6,No,Graduate,Yes,No,67.1,Pass,14.276595744680849
115,S1333,Male,15,2.2,88.2,75.1,6.0,Yes,Graduate,Yes,No,58.1,Pass,26.409090909090907
116,S1573,Female,18,6.2,73.1,56.9,7.4,No,High School,Yes,No,65.1,Pass,10.499999999999998
117,S1046,Male,16,2.9,83.2,64.0,6.2,Yes,High School,Yes,No,57.5,Pass,19.82758620689655
118,S1248,Female,16,7.3,70.8,56.7,3.2,Yes,Postgraduate,Yes,No,63.5,Pass,8.698630136986301
119,S1221,Female,15,4.3,85.6,45.1,7.7,No,Graduate,Yes,Yes,42.9,Pass,9.976744186046512
120,S1504,Female,17,4.2,100.0,49.2,4.0,No,Postgraduate,No,Yes,47.2,Pass,11.238095238095239
121,S1586,Male,18,5.3,63.2,89.9,3.9,No,High School,No,No,59.5,Pass,11.226415094339623
122,S1320,Female,16,2.8,81.6,53.4,7.1,No,High School,Yes,Yes,42.0,Pass,15.000000000000002
123,S1082,Male,15,3.9,70.7,48.4,6.9,No,High School,Yes,Yes,42.4,Pass,10.871794871794872
124,S1272,Female,15,3.9,59.2,56.5,5.8,No,High School,Yes,Yes,28.8,Fail,7.384615384615385
125,S1023,Male,17,3.9,75.8,52.9,5.4,No,Graduate,Yes,No,48.7,Pass,12.487179487179489
126,S1557,Male,15,4.7,89.0,49.3,5.5,No,Graduate,Yes,No,53.3,Pass,11.340425531914892
127,S1505,Male,18,3.2,77.3,62.7,5.4,No,Graduate,Yes,No,58.9,Pass,18.40625
128,S1328,Male,16,7.1,100.0,50.3,6.4,Yes,Postgraduate,Yes,Yes,56.3,Pass,7.929577464788732
129,S1446,Female,17,3.7,78.8,67.4,7.3,Yes,Graduate,No,Yes,50.6,Pass,13.675675675675675
130,S1038,Female,15,5.9,79.8,99.7,6.0,No,Graduate,Yes,No,90.2,Pass,15.288135593220339
131,S1540,Female,18,7.0,64.3,58.0,6.1,No,Graduate,No,No,68.4,Pass,9.771428571428572
132,S1010,Male,15,1.7,78.3,36.4,10.0,No,Graduate,Yes,Yes,39.6,Fail,23.294117647058826
133,S1458,Male,15,4.280508474576271,84.1,78.2,5.3,Yes,High School,Yes,No,76.4,Pass,17.848346862007524
134,S1032,Male,15,3.0,63.5,76.5,9.2,Yes,Postgraduate,Yes,Yes,47.9,Pass,15.966666666666667
135,S1337,Female,16,4.280508474576271,90.4,73.4,6.1,No,High School,Yes,No,66.0,Pass,15.418728964561474
136,S1318,Male,18,7.1,75.8,52.9,8.9,Yes,Graduate,Yes,No,59.8,Pass,8.422535211267606
137,S1025,Female,16,0.9,84.4,71.2,10.0,Yes,High School,Yes,No,54.0,Pass,60.0
138,S1261,Female,15,4.8,68.4,55.2,5.5,Yes,High School,Yes,No,39.4,Fail,8.208333333333334
139,S1538,Male,17,2.6,70.7,63.4,6.6,No,Graduate,Yes,No,40.6,Pass,15.615384615384615
140,S1259,Male,17,6.0,82.4,50.8,5.9,No,High School,Yes,Yes,53.2,Pass,8.866666666666667
141,S1305,Female,17,5.7,78.40779661016948,57.1,10.0,No,Graduate,Yes,Yes,61.9,Pass,10.859649122807017
142,S1154,Female,16,2.9,81.7,72.4,5.3,No,Graduate,Yes,No,49.0,Pass,16.896551724137932
143,S1252,Female,18,3.9,87.2,58.5,7.0,Yes,High School,Yes,No,56.2,Pass,14.41025641025641
144,S1089,Male,15,5.9,81.6,67.7,5.7,No,High School,Yes,No,63.6,Pass,10.779661016949152
145,S1065,Female,17,4.2,85.0,64.3,6.6,Yes,Graduate,No,Yes,54.7,Pass,13.023809523809524
146,S1358,Female,17,3.0,82.1,41.2,8.1,No,Graduate,Yes,No,42.8,Pass,14.266666666666666
147,S1323,Male,15,4.8,91.8,56.3,4.0,Yes,Postgraduate,Yes,Yes,44.8,Pass,9.333333333333334
148,S1593,Male,17,0.1,77.8,31.2,6.7,No,Postgraduate,No,No,31.0,Fail,310.0
149,S1289,Female,15,1.9,86.3,83.0,6.0,No,Postgraduate,Yes,Yes,55.9,Pass,29.42105263157895
150,S1409,Male,17,2.1,75.1,100.0,7.5,No,High School,Yes,No,64.4,Pass,30.666666666666668
151,S1159,Female,17,3.0,56.9,47.7,7.6,Yes,Postgraduate,Yes,No,41.9,Pass,13.966666666666667
152,S1576,Male,16,2.0,74.3,48.2,6.5,No,High School,Yes,No,36.7,Fail,18.35
153,S1340,Male,17,1.8,66.5,60.2,9.0,Yes,Postgraduate,No,No,39.1,Fail,21.72222222222222
154,S1357,Female,17,4.5,73.8,59.8,6.8,No,Graduate,Yes,Yes,44.3,Pass,9.844444444444443
155,S1040,Male,15,4.5,70.6,63.8,7.8,Yes,Postgraduate,Yes,No,46.2,Pass,10.266666666666667
156,S1426,Male,15,5.1,86.9,66.9,6.2,No,Graduate,Yes,No,55.1,Pass,10.803921568627452
157,S1431,Female,17,2.6,87.7,54.2,6.8,No,Postgraduate,Yes,No,33.2,Fail,12.76923076923077
158,S1301,Female,16,5.2,100.0,60.3,6.5,Yes,High School,Yes,Yes,68.2,Pass,13.115384615384615
159,S1484,Female,17,4.3,61.1,45.5,6.8,Yes,Postgraduate,Yes,No,57.8,Pass,13.441860465116278
160,S1371,Male,18,6.1,71.9,64.8,5.3,No,Graduate,No,Yes,47.9,Pass,7.852459016393443
161,S1450,Female,17,4.280508474576271,89.7,52.8,6.6,Yes,Postgraduate,No,Yes,41.5,Pass,9.695109879231836
162,S1056,Male,16,2.2,84.5,46.4,8.9,Yes,Graduate,Yes,Yes,38.6,Fail,17.545454545454543
163,S1316,Male,17,4.280508474576271,88.6,73.2,8.8,Yes,Graduate,Yes,No,80.1,Pass,18.71273015244506
164,S1071,Male,16,7.2,66.8,57.7,7.3,No,Graduate,Yes,Yes,56.2,Pass,7.805555555555555
165,S1471,Female,15,5.0,75.9,34.4,5.8,Yes,Graduate,Yes,Yes,41.0,Pass,8.2
166,S1415,Male,17,4.4,76.6,86.9,7.0,No,Graduate,Yes,Yes,54.2,Pass,12.318181818181818
167,S1090,Male,15,5.5,93.6,70.9,4.8,No,Postgraduate,No,No,65.5,Pass,11.909090909090908
168,S1166,Male,17,6.8,75.5,65.9,7.3,Yes,Graduate,Yes,No,68.4,Pass,10.058823529411766
169,S1270,Female,15,2.8,78.8,47.8,6.5,No,Graduate,Yes,No,42.2,Pass,15.071428571428573
170,S1170,Female,17,4.5,98.0,23.4,7.6,No,Graduate,Yes,No,50.3,Pass,11.177777777777777
171,S1054,Female,15,2.3,64.0,33.4,4.4,Yes,High School,Yes,Yes,34.2,Fail,14.869565217391306
172,S1566,Male,16,5.0,87.5,67.2,6.4,Yes,High School,Yes,Yes,54.8,Pass,10.959999999999999
173,S1429,Male,16,1.9,91.0,70.0,6.8,No,Graduate,Yes,No,57.3,Pass,30.157894736842106
174,S1381,Female,16,3.2,96.3,42.8,5.6,No,Postgraduate,Yes,No,47.1,Pass,14.71875
175,S1066,Male,17,8.6,79.4,67.8,5.3,No,Graduate,Yes,Yes,69.3,Pass,8.05813953488372
176,S1568,Female,17,4.3,93.7,73.0,4.5,Yes,Graduate,Yes,No,61.0,Pass,14.186046511627907
177,S1455,Male,17,0.1,86.1,69.3,7.5,Yes,Graduate,Yes,No,39.5,Fail,395.0
178,S1204,Female,16,4.7,87.3,65.6,7.0,No,High School,Yes,Yes,49.6,Pass,10.553191489361701
179,S1451,Female,16,1.4,84.0,47.1,3.0,Yes,Graduate,No,Yes,45.3,Pass,32.357142857142854
180,S1291,Male,17,5.6,73.6,56.0,4.8,Yes,Postgraduate,Yes,Yes,40.9,Pass,7.303571428571429
181,S1120,Female,18,4.5,78.7,56.0,5.5,No,Graduate,Yes,No,45.4,Pass,10.088888888888889
182,S1313,Female,15,3.0,75.0,60.0,5.8,No,Graduate,Yes,No,50.9,Pass,16.966666666666665
183,S1240,Female,15,4.280508474576271,84.2,61.5,6.1,No,Graduate,No,No,45.3,Pass,10.582854880221738
184,S1378,Female,16,5.8,97.4,43.7,6.5,Yes,High School,Yes,Yes,52.9,Pass,9.120689655172415
185,S1173,Male,16,7.6,83.3,73.9,7.3,Yes,Graduate,Yes,No,62.4,Pass,8.210526315789474
186,S1466,Male,18,1.5,78.9,37.2,5.8,No,Graduate,Yes,Yes,46.2,Pass,30.8
187,S1454,Male,16,2.2,45.6,75.9,8.1,Yes,Graduate,No,Yes,34.1,Fail,15.5
188,S1518,Female,16,3.5,74.8,75.3,6.5,Yes,Graduate,Yes,No,51.1,Pass,14.6
189,S1417,Male,15,4.9,88.2,67.5,7.5,Yes,Graduate,Yes,Yes,57.1,Pass,11.653061224489795
190,S1118,Female,16,5.9,70.3,72.4,7.3,No,High School,Yes,No,65.0,Pass,11.016949152542372
191,S1119,Female,17,1.3,89.1,57.1,7.4,No,Graduate,Yes,No,47.4,Pass,36.46153846153846
192,S1596,Female,17,4.0,72.8,52.6,6.4,No,High School,Yes,Yes,57.7,Pass,14.425
193,S1406,Male,16,7.8,85.6,54.2,5.8,No,High School,Yes,No,67.2,Pass,8.615384615384617
194,S1214,Female,16,3.4,64.3,51.8,5.4,No,Graduate,Yes,Yes,37.2,Fail,10.941176470588237
195,S1138,Male,16,3.9,76.0,75.9,8.7,No,Postgraduate,Yes,Yes,58.1,Pass,14.897435897435898
196,S1145,Male,17,5.2,92.1,53.9,6.5,Yes,Postgraduate,Yes,No,65.7,Pass,12.634615384615385
197,S1148,Male,18,4.3,82.8,47.7,5.1,Yes,High School,Yes,No,38.7,Fail,9.000000000000002
198,S1477,Female,17,3.9,80.3,67.5,9.1,No,Postgraduate,Yes,Yes,45.3,Pass,11.615384615384615
199,S1304,Female,17,6.5,75.8,87.1,6.7,No,Graduate,No,No,82.1,Pass,12.63076923076923
200,S1162,Female,15,3.0,93.5,63.9,6.7,No,High School,No,Yes,55.7,Pass,18.566666666666666
201,S1493,Male,17,2.3,94.1,75.5,9.6,Yes,Graduate,Yes,Yes,60.4,Pass,26.260869565217394
202,S1394,Male,18,3.9,78.40779661016948,86.1,6.7,Yes,Graduate,No,No,57.7,Pass,14.794871794871796
203,S1479,Female,16,3.5,62.2,81.7,6.5,Yes,High School,Yes,No,53.8,Pass,15.37142857142857
204,S1150,Female,18,4.5,71.7,60.0,6.0,No,Graduate,No,No,57.0,Pass,12.666666666666666
205,S1440,Male,18,6.1,65.4,67.5,5.7,No,High School,Yes,Yes,62.1,Pass,10.18032786885246
206,S1370,Male,16,1.7,78.40779661016948,33.3,5.4,Yes,High School,Yes,No,20.7,Fail,12.176470588235293
207,S1222,Male,17,3.2,65.7,21.6,5.7,Yes,Graduate,No,No,27.3,Fail,8.53125
208,S1031,Male,18,4.6,76.3,55.7,7.3,Yes,Graduate,Yes,No,70.0,Pass,15.217391304347828
209,S1339,Male,15,6.8,73.2,71.0,6.1,No,Postgraduate,Yes,No,64.9,Pass,9.544117647058824
210,S1280,Female,17,3.2,58.6,35.9,6.2,No,High School,Yes,No,46.9,Pass,14.656249999999998
211,S1020,Female,15,4.2,65.2,48.2,6.6,Yes,High School,Yes,Yes,50.5,Pass,12.023809523809524
212,S1113,Female,15,2.4,75.0,74.1,8.2,Yes,High School,Yes,No,52.0,Pass,21.666666666666668
213,S1354,Male,18,2.9,85.0,58.1,5.8,Yes,High School,Yes,Yes,36.8,Fail,12.689655172413792
214,S1000,Male,15,4.6,89.0,56.1,6.1,No,High School,Yes,Yes,49.9,Pass,10.847826086956522
215,S1551,Female,18,2.6,67.6,56.5,6.1,No,High School,Yes,No,41.6,Pass,16.0
216,S1321,Female,15,3.1,69.0,59.0,7.0,Yes,High School,No,No,40.7,Pass,13.129032258064516
217,S1548,Female,17,2.8,79.9,52.5,7.4,Yes,Graduate,Yes,No,46.1,Pass,16.464285714285715
218,S1229,Female,17,1.3,91.1,68.2,6.5,No,High School,Yes,Yes,48.4,Pass,37.230769230769226
219,S1591,Female,16,4.9,83.1,59.3,8.1,No,Postgraduate,No,No,59.3,Pass,12.102040816326529
220,S1528,Male,16,3.7,80.0,37.0,4.1,Yes,Graduate,Yes,Yes,49.6,Pass,13.405405405405405
221,S1002,Female,18,5.7,81.2,68.4,7.5,No,Graduate,Yes,Yes,59.2,Pass,10.385964912280702
222,S1580,Male,16,8.2,71.3,56.5,7.5,Yes,Graduate,No,No,74.1,Pass,9.036585365853659
223,S1058,Male,18,2.3,71.1,51.1,5.4,Yes,Graduate,No,No,49.1,Pass,21.347826086956523
224,S1383,Female,18,5.5,72.8,66.9,6.3,No,Graduate,Yes,No,71.8,Pass,13.054545454545455
225,S1322,Female,15,3.4,72.9,91.5,7.0,No,Postgraduate,Yes,No,53.3,Pass,15.676470588235293
226,S1004,Male,15,3.1,70.0,70.5,7.2,No,Postgraduate,Yes,No,34.5,Fail,11.129032258064516
227,S1392,Male,18,3.5,81.4,51.0,6.0,Yes,Postgraduate,Yes,No,54.3,Pass,15.514285714285714
228,S1500,Female,15,4.0,74.2,46.2,6.8,Yes,Graduate,Yes,No,49.2,Pass,12.3
229,S1074,Female,17,5.3,75.9,68.9,6.5,No,Graduate,Yes,No,57.4,Pass,10.830188679245284
230,S1191,Female,16,3.4,56.9,57.8,4.5,No,Graduate,No,Yes,24.8,Fail,7.294117647058824
231,S1235,Female,16,7.4,78.40779661016948,60.3,8.7,Yes,Graduate,Yes,No,60.5,Pass,8.175675675675675
232,S1545,Male,16,3.6,55.4,80.7,6.7,Yes,High School,Yes,No,46.3,Pass,12.86111111111111
233,S1258,Female,16,3.9,75.3,41.1,6.4,No,High School,Yes,Yes,49.2,Pass,12.615384615384617
234,S1080,Female,16,2.7,70.0,76.9,8.4,No,Graduate,Yes,No,52.4,Pass,19.407407407407405
235,S1507,Female,16,5.0,59.8,55.9,9.0,Yes,Graduate,No,No,68.1,Pass,13.62
236,S1026,Male,17,1.6,77.2,43.9,7.0,Yes,Graduate,Yes,Yes,34.9,Fail,21.812499999999996
237,S1395,Female,18,3.9,72.3,74.7,3.7,No,High School,Yes,No,50.1,Pass,12.846153846153847
238,S1216,Male,15,4.4,69.4,60.6,7.1,No,Graduate,No,No,53.9,Pass,12.249999999999998
239,S1390,Female,18,4.280508474576271,72.4,71.8,5.8,No,Graduate,Yes,Yes,77.3,Pass,18.058602256978816
240,S1491,Female,16,3.6,69.0,46.1,6.6,No,Graduate,Yes,Yes,40.2,Pass,11.166666666666668
241,S1330,Male,16,4.1,72.6,81.3,8.1,No,Graduate,Yes,No,46.8,Pass,11.414634146341463
242,S1057,Male,17,5.9,78.40779661016948,50.2,7.0,No,Graduate,No,No,52.7,Pass,8.932203389830509
243,S1525,Male,16,4.6,78.9,77.5,5.9,Yes,Graduate,Yes,No,66.4,Pass,14.434782608695654
244,S1108,Male,15,3.2,90.0,31.6,5.7,Yes,High School,Yes,No,43.7,Pass,13.65625
245,S1273,Female,16,1.4,71.7,67.0,6.2,No,Postgraduate,Yes,No,60.7,Pass,43.35714285714286
246,S1147,Male,17,4.7,62.4,62.3,5.7,Yes,Graduate,Yes,No,55.8,Pass,11.872340425531913
247,S1228,Female,16,6.2,73.5,60.3,9.1,Yes,High School,Yes,No,63.3,Pass,10.209677419354838
248,S1014,Male,16,4.4,77.7,86.0,7.1,No,High School,Yes,No,59.0,Pass,13.409090909090908
249,S1174,Female,17,3.7,92.4,74.5,5.6,No,High School,Yes,No,62.0,Pass,16.756756756756754
250,S1086,Female,16,4.7,100.0,50.6,6.4,Yes,Graduate,No,No,63.1,Pass,13.425531914893616
251,S1114,Female,16,3.7,93.9,35.9,7.3,Yes,Postgraduate,Yes,No,57.3,Pass,15.486486486486484
252,S1165,Female,16,1.3,63.3,57.9,5.3,No,High School,No,No,32.3,Fail,24.846153846153843
253,S1527,Male,15,4.7,70.2,59.3,8.0,No,Graduate,Yes,No,55.9,Pass,11.893617021276595
254,S1367,Female,18,0.9,70.7,43.9,7.4,No,Postgraduate,No,No,45.1,Pass,50.111111111111114
255,S1059,Male,17,8.7,46.9,80.6,6.5,No,High School,Yes,Yes,71.7,Pass,8.24137931034483
256,S1521,Male,17,4.5,69.4,65.1,3.0,Yes,Postgraduate,Yes,No,33.1,Fail,7.355555555555556
257,S1164,Male,18,4.4,76.3,72.8,5.0,No,Postgraduate,Yes,No,75.8,Pass,17.227272727272727
258,S1041,Male,18,5.8,74.4,67.0,7.7,Yes,Postgraduate,Yes,No,57.4,Pass,9.89655172413793
259,S1329,Male,18,4.8,91.0,79.8,8.7,Yes,High School,Yes,No,63.6,Pass,13.25
260,S1079,Male,18,1.2,75.5,54.2,5.1,Yes,High School,Yes,No,39.0,Fail,32.5
261,S1360,Male,17,4.0,80.0,73.3,5.6,Yes,Graduate,Yes,No,55.2,Pass,13.8
262,S1028,Female,16,4.3,78.8,91.1,7.7,No,High School,Yes,No,64.6,Pass,15.023255813953488
263,S1281,Male,15,0.0,92.0,62.8,6.2,No,Graduate,No,Yes,34.0,Fail,inf
264,S1300,Male,17,7.2,85.4,66.4,7.2,No,Postgraduate,Yes,No,58.5,Pass,8.125
265,S1526,Male,18,5.1,75.3,56.6,6.0,No,Graduate,Yes,No,60.3,Pass,11.823529411764707
266,S1598,Male,17,4.1,76.9,41.2,5.4,No,Graduate,Yes,No,56.6,Pass,13.80487804878049
267,S1084,Male,17,4.3,86.1,45.4,7.0,No,Postgraduate,Yes,Yes,37.5,Fail,8.720930232558139
268,S1062,Female,17,2.5,60.3,75.8,6.9,No,Postgraduate,Yes,No,57.3,Pass,22.919999999999998
269,S1587,Male,18,5.7,70.9,48.5,5.0,Yes,High School,Yes,No,50.5,Pass,8.859649122807017
270,S1136,Male,17,2.2,88.3,67.1,6.8,No,Graduate,No,No,49.5,Pass,22.499999999999996
271,S1111,Male,16,3.1,96.0,47.7,3.6,Yes,Graduate,Yes,No,41.1,Pass,13.258064516129032
272,S1194,Male,15,5.5,71.4,64.9,5.2,Yes,High School,No,No,59.6,Pass,10.836363636363636
273,S1380,Male,18,1.2,92.6,70.2,5.3,No,High School,Yes,Yes,55.6,Pass,46.333333333333336
274,S1043,Female,17,5.8,80.0,61.5,6.6,Yes,High School,Yes,No,60.5,Pass,10.431034482758621
275,S1375,Male,17,4.9,73.6,52.7,7.1,No,Graduate,Yes,No,54.0,Pass,11.020408163265305
276,S1129,Male,15,6.6,54.4,62.8,5.4,No,High School,No,No,61.0,Pass,9.242424242424242
277,S1542,Male,16,5.0,77.6,53.4,5.2,No,Postgraduate,Yes,Yes,47.8,Pass,9.559999999999999
278,S1218,Female,15,3.8,77.0,71.1,7.0,No,Graduate,Yes,No,74.7,Pass,19.657894736842106
279,S1096,Female,17,4.5,100.0,77.8,6.4,No,High School,Yes,Yes,61.4,Pass,13.644444444444444
280,S1124,Male,15,3.1,84.5,60.9,7.4,No,Postgraduate,Yes,Yes,43.2,Pass,13.935483870967742
281,S1570,Male,17,3.8,90.4,48.6,8.8,No,Graduate,Yes,No,53.3,Pass,14.026315789473685
282,S1226,Female,17,4.2,75.3,59.7,5.1,No,High School,No,No,51.3,Pass,12.214285714285714
283,S1177,Male,15,2.7,78.2,63.0,5.8,No,Postgraduate,Yes,Yes,44.5,Pass,16.48148148148148
284,S1410,Male,15,5.1,86.1,69.1,6.0,Yes,Graduate,Yes,Yes,58.5,Pass,11.470588235294118
285,S1582,Male,18,4.3,57.8,39.9,6.8,No,Graduate,Yes,No,45.4,Pass,10.558139534883722
286,S1569,Male,15,1.5,58.1,73.3,6.9,Yes,High School,No,No,31.9,Fail,21.266666666666666
287,S1103,Male,16,4.1,70.1,48.8,5.9,Yes,Graduate,Yes,No,42.3,Pass,10.317073170731707
288,S1081,Female,17,4.280508474576271,90.5,74.2,7.8,Yes,High School,Yes,Yes,67.3,Pass,15.72243120174223
289,S1342,Male,18,4.4,100.0,53.9,9.4,Yes,Graduate,No,No,62.7,Pass,14.25
290,S1441,Female,15,1.8,65.2,60.7,6.2,Yes,Graduate,Yes,No,42.2,Pass,23.444444444444446
291,S1264,Female,17,5.2,77.7,43.3,7.3,No,Graduate,Yes,No,44.7,Pass,8.596153846153847
292,S1306,Male,18,4.1,70.2,70.8,7.0,No,Graduate,Yes,Yes,37.9,Fail,9.24390243902439
293,S1227,Male,17,2.7,66.5,56.1,8.4,No,High School,Yes,No,48.2,Pass,17.85185185185185
294,S1275,Male,18,2.8,62.9,58.9,5.5,No,High School,Yes,No,38.3,Fail,13.678571428571429
295,S1571,Female,17,2.4,91.5,60.6,6.5,No,High School,Yes,No,59.5,Pass,24.791666666666668
296,S1263,Male,17,4.8,74.7,68.4,7.3,No,High School,Yes,Yes,56.2,Pass,11.708333333333334
297,S1467,Female,15,1.0,58.8,76.7,5.1,No,High School,Yes,No,33.6,Fail,33.6
298,S1253,Male,17,4.4,92.7,35.4,6.2,No,Graduate,Yes,Yes,52.4,Pass,11.909090909090908
299,S1171,Male,17,4.6,82.7,58.0,4.9,Yes,Postgraduate,Yes,No,78.7,Pass,17.108695652173914
300,S1237,Male,15,0.0,76.2,68.9,5.4,Yes,Postgraduate,Yes,No,33.6,Fail,inf
301,S1560,Female,18,7.0,94.7,51.3,5.8,No,Graduate,Yes,No,81.3,Pass,11.614285714285714
302,S1139,Female,16,4.4,81.4,100.0,7.9,Yes,Graduate,Yes,Yes,57.3,Pass,13.022727272727272
303,S1303,Female,17,5.0,69.3,67.3,6.9,No,High School,Yes,No,64.0,Pass,12.8
304,S1267,Female,16,5.3,88.6,77.1,5.7,No,Graduate,Yes,Yes,48.4,Pass,9.132075471698114
305,S1543,Female,17,4.280508474576271,75.5,35.9,6.2,No,Postgraduate,Yes,No,54.5,Pass,12.732132251039399
306,S1369,Male,16,2.0,77.7,77.9,6.1,No,Graduate,Yes,Yes,53.5,Pass,26.75
307,S1212,Female,15,5.2,79.1,55.1,6.0,Yes,High School,Yes,Yes,44.2,Pass,8.5
308,S1198,Female,18,6.5,96.5,75.6,6.9,No,Graduate,Yes,No,79.6,Pass,12.246153846153845
309,S1023,Male,17,3.9,75.8,52.9,5.4,No,Graduate,Yes,No,48.7,Pass,12.487179487179489
310,S1015,Male,15,3.8,87.8,93.5,7.2,Yes,High School,Yes,No,61.5,Pass,16.18421052631579
311,S1163,Female,16,5.1,86.1,62.9,7.2,Yes,High School,Yes,No,62.6,Pass,12.27450980392157
312,S1529,Female,16,3.8,83.3,67.7,6.0,No,Graduate,Yes,No,43.8,Pass,11.526315789473683
313,S1532,Female,17,5.7,76.8,76.9,5.8,No,High School,Yes,No,53.8,Pass,9.43859649122807
314,S1408,Female,16,6.0,82.9,89.9,4.5,Yes,Graduate,Yes,No,58.5,Pass,9.75
315,S1037,Male,18,0.9,95.9,58.4,5.3,No,Graduate,Yes,No,33.2,Fail,36.88888888888889
316,S1515,Male,18,2.8,79.8,83.1,8.2,No,Graduate,Yes,Yes,56.0,Pass,20.0
317,S1206,Male,16,4.1,68.2,47.0,9.1,No,High School,Yes,Yes,47.2,Pass,11.51219512195122
318,S1295,Female,15,0.3,42.9,66.9,5.8,Yes,Graduate,Yes,No,38.6,Fail,128.66666666666669
319,S1437,Female,15,4.8,74.4,54.6,7.7,No,Graduate,Yes,Yes,48.0,Pass,10.0
320,S1073,Female,17,7.3,67.4,77.0,6.2,Yes,High School,Yes,No,63.7,Pass,8.726027397260275
321,S1388,Female,17,4.7,63.9,53.0,3.0,No,Postgraduate,Yes,No,52.5,Pass,11.170212765957446
322,S1104,Female,16,5.7,65.4,49.9,4.1,No,High School,Yes,No,37.7,Fail,6.614035087719299
323,S1201,Male,17,4.3,92.5,43.9,4.8,No,Postgraduate,Yes,No,54.3,Pass,12.627906976744185
324,S1016,Male,16,3.0,94.7,69.6,7.2,Yes,Graduate,No,No,42.5,Pass,14.166666666666666
325,S1091,Female,15,4.8,96.7,67.7,6.2,Yes,Graduate,Yes,No,71.1,Pass,14.8125
326,S1088,Female,18,5.0,86.9,74.3,7.9,Yes,Postgraduate,No,No,65.1,Pass,13.02
327,S1492,Male,18,5.0,81.8,73.4,5.0,Yes,High School,Yes,No,57.4,Pass,11.48
328,S1205,Male,18,3.3,71.4,46.5,7.9,No,Graduate,No,No,45.0,Pass,13.636363636363637
329,S1102,Male,17,4.1,78.40779661016948,57.6,8.1,No,Postgraduate,Yes,No,57.4,Pass,14.0
330,S1238,Female,18,4.8,72.4,54.7,9.1,No,High School,Yes,No,77.1,Pass,16.0625
331,S1385,Female,16,3.4,77.7,49.8,3.7,No,High School,Yes,No,38.2,Fail,11.23529411764706
332,S1246,Male,18,5.2,97.9,62.6,6.6,No,Graduate,Yes,No,54.7,Pass,10.51923076923077
333,S1157,Female,17,6.1,100.0,55.4,7.8,No,Postgraduate,Yes,Yes,56.7,Pass,9.295081967213116
334,S1326,Female,17,4.0,89.0,71.2,6.4,No,High School,Yes,No,52.8,Pass,13.2
335,S1133,Male,18,3.5,74.7,52.6,5.9,No,Graduate,No,No,54.7,Pass,15.62857142857143
336,S1397,Male,15,4.280508474576271,61.8,47.9,6.8,Yes,Postgraduate,Yes,No,59.3,Pass,13.85349435755296
337,S1547,Female,15,2.2,79.1,70.3,6.8,Yes,High School,Yes,No,51.9,Pass,23.59090909090909
338,S1018,Male,15,3.9,78.1,33.0,6.3,No,Graduate,Yes,No,50.5,Pass,12.948717948717949
339,S1472,Male,18,5.1,79.5,43.3,4.1,Yes,Postgraduate,Yes,No,43.4,Pass,8.509803921568627
340,S1490,Male,16,2.2,74.3,56.5,6.3,Yes,High School,Yes,No,43.3,Pass,19.68181818181818
341,S1351,Female,15,1.2,78.40779661016948,40.0,5.4,No,Postgraduate,Yes,Yes,28.6,Fail,23.833333333333336
342,S1274,Male,18,4.2,87.5,74.8,6.2,No,High School,No,No,70.6,Pass,16.809523809523807
343,S1461,Female,17,8.1,89.4,62.2,6.2,No,High School,Yes,No,85.1,Pass,10.506172839506172
344,S1536,Female,15,3.8,89.4,59.6,7.1,No,Graduate,Yes,No,61.3,Pass,16.13157894736842
345,S1311,Male,17,5.1,97.5,65.3,5.4,Yes,Graduate,Yes,Yes,64.2,Pass,12.588235294117649
346,S1435,Female,17,4.8,73.8,58.9,5.9,No,Graduate,Yes,Yes,39.9,Fail,8.3125
347,S1489,Female,18,5.7,60.5,48.6,5.3,Yes,Postgraduate,No,No,64.1,Pass,11.245614035087717
348,S1268,Male,18,3.8,86.8,83.7,6.8,Yes,Postgraduate,Yes,No,55.3,Pass,14.552631578947368
349,S1034,Female,16,4.4,96.4,41.6,7.1,No,High School,No,Yes,48.3,Pass,10.977272727272727
350,S1181,Male,18,4.4,83.0,78.1,4.5,Yes,Postgraduate,Yes,No,59.5,Pass,13.522727272727272
351,S1184,Male,15,8.5,86.7,60.0,7.4,No,Graduate,Yes,Yes,68.8,Pass,8.094117647058823
352,S1207,Female,15,6.3,78.0,76.9,7.8,No,High School,Yes,No,61.8,Pass,9.80952380952381
353,S1094,Female,18,4.8,83.5,72.0,8.1,No,Graduate,Yes,No,53.4,Pass,11.125
354,S1519,Male,15,6.2,67.3,64.1,7.8,No,Postgraduate,No,No,66.4,Pass,10.70967741935484
355,S1416,Male,17,5.6,51.9,63.5,5.5,Yes,Graduate,Yes,Yes,52.3,Pass,9.339285714285714
356,S1353,Male,18,6.5,100.0,73.8,5.8,No,High School,Yes,No,77.5,Pass,11.923076923076923
357,S1122,Male,15,4.1,96.3,69.5,7.1,No,Postgraduate,No,No,52.5,Pass,12.80487804878049
358,S1470,Male,16,6.5,100.0,52.0,7.0,Yes,Graduate,No,Yes,55.1,Pass,8.476923076923077
359,S1078,Male,15,5.1,95.7,59.7,9.9,Yes,Graduate,Yes,Yes,63.1,Pass,12.372549019607844
360,S1350,Male,15,5.2,75.8,46.5,5.7,No,Graduate,No,Yes,43.4,Pass,8.346153846153845
361,S1061,Male,17,4.3,82.7,100.0,6.5,No,Graduate,No,Yes,62.2,Pass,14.465116279069768
362,S1251,Male,15,2.8,81.6,47.6,5.0,Yes,High School,Yes,No,55.4,Pass,19.785714285714285
363,S1125,Male,15,6.5,90.9,64.2,7.5,No,High School,No,Yes,81.9,Pass,12.600000000000001
364,S1439,Male,16,5.7,58.6,68.6,8.4,No,Graduate,Yes,No,62.5,Pass,10.964912280701753
365,S1436,Male,15,6.9,77.8,37.2,5.3,No,Graduate,No,Yes,58.5,Pass,8.478260869565217
366,S1592,Male,17,2.0,72.3,60.4,4.0,Yes,Postgraduate,Yes,No,33.4,Fail,16.7
367,S1347,Male,17,3.9,83.4,36.5,5.0,No,Graduate,Yes,No,56.2,Pass,14.41025641025641
368,S1485,Female,15,6.5,77.0,45.6,8.2,Yes,High School,Yes,No,60.8,Pass,9.353846153846153
369,S1574,Female,17,6.0,64.7,76.1,4.8,No,Postgraduate,Yes,No,52.8,Pass,8.799999999999999
370,S1387,Male,15,7.7,81.9,45.3,7.1,Yes,Graduate,Yes,Yes,57.2,Pass,7.428571428571429
371,S1067,Female,18,3.8,66.3,69.7,6.8,No,Postgraduate,No,No,50.3,Pass,13.236842105263158
372,S1024,Male,15,4.6,78.7,30.3,6.7,Yes,High School,Yes,No,59.3,Pass,12.891304347826088
373,S1453,Female,17,2.5,90.0,54.1,4.4,Yes,Postgraduate,Yes,No,48.1,Pass,19.240000000000002
374,S1498,Female,15,4.280508474576271,80.6,58.7,5.3,No,High School,No,Yes,18.9,Fail,4.415363294397149
375,S1509,Female,16,4.1,59.0,80.1,4.8,Yes,High School,Yes,No,44.1,Pass,10.756097560975611
376,S1126,Female,15,8.1,73.6,80.4,6.6,No,Graduate,Yes,No,72.2,Pass,8.91358024691358
377,S1541,Female,16,3.0,79.3,72.4,6.7,No,High School,Yes,Yes,48.8,Pass,16.266666666666666
378,S1334,Male,17,3.5,83.8,49.7,4.3,Yes,Graduate,Yes,No,51.0,Pass,14.571428571428571
379,S1575,Female,18,5.1,75.4,95.5,8.7,No,High School,Yes,No,67.3,Pass,13.19607843137255
380,S1178,Female,16,3.9,68.6,50.7,5.2,Yes,Graduate,Yes,No,53.7,Pass,13.76923076923077
381,S1468,Male,17,5.8,75.0,50.6,8.1,No,Graduate,Yes,No,64.1,Pass,11.051724137931034
382,S1558,Female,17,6.2,90.0,70.2,8.8,No,Graduate,Yes,Yes,59.5,Pass,9.596774193548386
383,S1135,Male,16,4.280508474576271,87.8,45.4,7.1,No,Postgraduate,Yes,No,41.9,Pass,9.7885567214413
384,S1223,Male,17,4.3,100.0,57.1,6.7,Yes,High School,No,Yes,54.4,Pass,12.651162790697674
385,S1595,Male,16,8.5,78.1,49.7,7.5,No,Graduate,No,Yes,69.2,Pass,8.141176470588235
386,S1561,Male,17,4.8,75.0,63.6,6.8,No,Graduate,Yes,Yes,55.1,Pass,11.479166666666668
387,S1501,Female,16,5.0,68.4,44.9,4.9,Yes,Postgraduate,Yes,Yes,47.7,Pass,9.540000000000001
388,S1093,Female,15,1.0,69.0,66.5,6.4,Yes,High School,Yes,No,54.1,Pass,54.1
389,S1478,Female,16,2.6,69.1,76.8,7.7,Yes,High School,Yes,Yes,30.6,Fail,11.76923076923077
390,S1069,Female,16,2.7,76.1,61.3,6.0,No,High School,Yes,No,39.4,Fail,14.592592592592592
391,S1036,Male,15,4.7,75.4,53.0,7.2,Yes,Graduate,Yes,No,51.5,Pass,10.957446808510637
392,S1296,Female,18,3.6,83.2,90.4,6.0,No,Graduate,Yes,No,70.2,Pass,19.5
393,S1160,Male,16,2.5,87.0,52.9,5.1,No,Graduate,No,No,46.7,Pass,18.68
394,S1362,Male,18,5.0,65.9,20.9,8.0,Yes,High School,No,No,26.3,Fail,5.26
395,S1011,Female,18,7.2,77.9,43.1,8.1,Yes,High School,No,No,84.5,Pass,11.73611111111111
396,S1144,Male,17,3.9,86.0,49.6,8.9,No,Graduate,Yes,Yes,50.7,Pass,13.000000000000002
397,S1503,Female,17,6.5,78.3,61.0,6.3,No,Graduate,No,No,59.1,Pass,9.092307692307692
398,S1127,Female,15,3.3,67.9,40.4,8.3,No,Graduate,Yes,Yes,26.5,Fail,8.030303030303031
399,S1403,Female,15,4.6,80.2,37.5,6.9,No,Graduate,Yes,Yes,26.7,Fail,5.804347826086957
400,S1302,Female,16,3.0,78.2,50.4,6.0,Yes,High School,Yes,No,41.8,Pass,13.933333333333332
401,S1009,Female,15,5.1,67.2,66.7,5.4,No,Postgraduate,Yes,Yes,50.6,Pass,9.92156862745098
402,S1523,Female,16,7.9,66.2,40.1,7.2,No,Graduate,No,Yes,51.9,Pass,6.5696202531645564
403,S1176,Female,18,1.5,76.4,61.3,6.8,Yes,Graduate,Yes,No,43.7,Pass,29.133333333333336
404,S1231,Male,15,4.7,96.5,76.7,8.2,No,Postgraduate,Yes,No,61.6,Pass,13.106382978723405
405,S1210,Female,18,4.280508474576271,86.4,46.5,6.7,Yes,Graduate,Yes,No,51.1,Pass,11.93783409225896
406,S1128,Male,16,4.280508474576271,78.40779661016948,20.0,7.0,Yes,Graduate,Yes,Yes,29.3,Fail,6.8449811918432
407,S1143,Male,15,3.6,86.8,33.5,7.0,Yes,Graduate,No,No,46.9,Pass,13.027777777777777
408,S1241,Female,16,5.3,71.6,83.2,6.9,No,Postgraduate,Yes,No,66.5,Pass,12.547169811320755
409,S1007,Female,16,1.5,68.9,65.5,5.7,Yes,Graduate,Yes,No,48.1,Pass,32.06666666666667
410,S1404,Male,18,5.8,82.2,75.8,6.4,No,Graduate,Yes,Yes,54.6,Pass,9.413793103448276
411,S1298,Female,17,2.2,49.6,62.8,6.5,Yes,Postgraduate,Yes,Yes,48.5,Pass,22.045454545454543
412,S1310,Male,17,5.6,79.5,82.3,6.4,No,High School,Yes,No,66.4,Pass,11.85714285714286
413,S1254,Male,15,3.6,76.8,57.4,8.8,No,High School,Yes,No,50.4,Pass,14.0
414,S1520,Female,16,2.8,52.2,68.3,4.5,No,Graduate,Yes,No,36.1,Fail,12.892857142857144
415,S1531,Female,17,3.7,94.9,59.1,7.1,No,Graduate,Yes,Yes,56.2,Pass,15.18918918918919
416,S1008,Female,15,4.280508474576271,84.4,58.4,5.1,No,Graduate,Yes,Yes,33.8,Fail,7.896258166699663
417,S1156,Female,18,2.9,80.9,50.1,7.2,No,Graduate,Yes,No,55.5,Pass,19.137931034482758
418,S1027,Male,18,5.3,83.8,63.6,6.1,Yes,Postgraduate,No,No,58.2,Pass,10.981132075471699
419,S1266,Female,16,4.4,48.9,67.5,7.7,Yes,Graduate,Yes,Yes,41.1,Pass,9.34090909090909
420,S1314,Female,18,6.4,74.5,41.2,6.3,Yes,Graduate,Yes,No,53.3,Pass,8.328124999999998
421,S1064,Male,16,3.0,77.8,59.2,5.2,Yes,Graduate,Yes,No,54.8,Pass,18.266666666666666
422,S1459,Male,18,5.8,94.5,63.9,8.8,No,High School,No,Yes,58.5,Pass,10.086206896551724
423,S1255,Female,15,4.6,75.6,84.9,8.5,No,Postgraduate,Yes,No,55.9,Pass,12.152173913043478
424,S1449,Male,16,4.0,80.9,76.5,5.0,No,Graduate,Yes,No,53.5,Pass,13.375
425,S1153,Male,16,3.0,78.3,62.3,7.7,No,Postgraduate,Yes,Yes,40.4,Pass,13.466666666666667
426,S1048,Female,16,4.9,89.4,69.3,9.7,Yes,High School,Yes,Yes,63.4,Pass,12.93877551020408
427,S1208,Male,17,4.3,76.0,42.2,6.8,No,Postgraduate,Yes,No,33.6,Fail,7.813953488372094
428,S1445,Female,17,6.5,76.0,66.3,5.9,No,Graduate,Yes,No,58.2,Pass,8.953846153846154
429,S1287,Female,15,3.9,78.7,80.6,5.1,No,Graduate,No,No,64.4,Pass,16.512820512820515
430,S1001,Female,16,1.7,78.40779661016948,84.0,6.1,No,High School,Yes,Yes,46.9,Pass,27.58823529411765
431,S1427,Female,15,1.9,85.4,85.1,6.4,Yes,Postgraduate,Yes,Yes,57.1,Pass,30.05263157894737
432,S1341,Male,17,1.4,83.1,45.7,8.6,No,Postgraduate,No,No,43.3,Pass,30.928571428571427
433,S1269,Male,15,6.6,74.6,44.8,7.6,No,Postgraduate,No,No,48.0,Pass,7.272727272727273
434,S1265,Female,16,6.4,69.0,63.7,5.5,Yes,High School,Yes,Yes,50.8,Pass,7.937499999999999
435,S1544,Female,16,3.3,76.5,86.2,7.3,No,Graduate,No,Yes,63.7,Pass,19.303030303030305
436,S1463,Female,17,3.4,93.8,66.1,5.1,Yes,High School,Yes,Yes,40.2,Pass,11.823529411764707
437,S1473,Female,15,5.5,84.6,78.5,6.9,No,Graduate,Yes,No,64.0,Pass,11.636363636363637
438,S1368,Male,17,3.3,93.6,70.2,7.0,No,High School,Yes,No,53.4,Pass,16.181818181818183
439,S1095,Male,16,4.4,78.40779661016948,71.3,5.9,Yes,High School,Yes,Yes,51.8,Pass,11.772727272727272
440,S1578,Male,18,6.2,93.7,64.6,5.5,No,Postgraduate,Yes,No,66.1,Pass,10.661290322580644
441,S1352,Female,17,6.7,92.2,57.2,5.7,No,Graduate,Yes,No,62.3,Pass,9.298507462686567
442,S1042,Male,17,7.0,73.3,76.3,4.9,No,Graduate,Yes,No,77.2,Pass,11.028571428571428
443,S1361,Female,18,6.1,93.8,53.7,6.2,Yes,Postgraduate,Yes,No,44.9,Pass,7.360655737704918
444,S1562,Male,17,2.7,81.5,67.5,4.9,Yes,High School,Yes,No,47.4,Pass,17.555555555555554
445,S1599,Male,15,3.8,73.6,72.2,8.2,No,Graduate,Yes,No,49.6,Pass,13.05263157894737
446,S1116,Female,16,6.6,83.5,48.5,6.2,Yes,High School,Yes,No,62.1,Pass,9.40909090909091
447,S1424,Male,16,6.0,84.2,66.6,5.6,No,Postgraduate,No,Yes,54.2,Pass,9.033333333333333
448,S1045,Female,18,1.7,78.0,54.1,4.9,No,High School,Yes,Yes,47.9,Pass,28.176470588235293
449,S1161,Female,16,4.8,82.6,73.1,7.7,Yes,Graduate,Yes,No,59.6,Pass,12.416666666666668
450,S1530,Female,16,4.1,64.9,68.6,6.7,Yes,High School,Yes,No,56.9,Pass,13.878048780487806
451,S1117,Male,18,4.4,100.0,45.9,6.5,No,Postgraduate,Yes,No,56.4,Pass,12.818181818181817
452,S1288,Male,15,4.0,83.1,26.8,5.9,No,High School,No,No,41.0,Pass,10.25
453,S1077,Male,17,5.8,58.6,62.9,6.4,No,Graduate,Yes,No,44.7,Pass,7.706896551724139
454,S1534,Female,15,3.0,86.5,68.5,3.3,No,High School,Yes,No,47.5,Pass,15.833333333333334
455,S1389,Female,18,4.8,92.3,66.9,5.9,No,High School,Yes,Yes,62.3,Pass,12.979166666666666
456,S1567,Male,15,2.3,57.0,41.4,5.8,No,Graduate,Yes,No,41.3,Pass,17.956521739130434
457,S1412,Female,18,2.9,76.4,68.0,5.9,Yes,Graduate,Yes,No,36.0,Fail,12.413793103448276
458,S1063,Male,17,5.3,80.2,63.3,7.7,No,High School,No,No,58.0,Pass,10.943396226415095
459,S1338,Male,16,3.1,74.0,41.8,6.2,No,High School,Yes,No,45.0,Pass,14.516129032258064
460,S1315,Female,16,4.4,59.2,69.1,5.7,No,High School,Yes,Yes,44.9,Pass,10.204545454545453
461,S1299,Male,17,3.5,65.9,50.1,5.4,No,Postgraduate,Yes,No,48.4,Pass,13.828571428571427
462,S1399,Female,15,3.9,100.0,67.8,10.0,Yes,Graduate,Yes,No,61.7,Pass,15.820512820512821
463,S1230,Female,15,3.0,100.0,42.3,7.8,No,Graduate,Yes,No,52.5,Pass,17.5
464,S1297,Male,18,2.8,88.8,39.6,5.3,No,Postgraduate,Yes,No,50.0,Pass,17.857142857142858
465,S1186,Female,15,3.1,98.7,38.3,6.1,Yes,Graduate,Yes,Yes,40.2,Pass,12.967741935483872
466,S1480,Female,18,1.0,70.7,54.6,8.1,Yes,Postgraduate,Yes,Yes,36.9,Fail,36.9
467,S1199,Female,15,5.2,100.0,58.9,8.4,No,Postgraduate,No,No,47.3,Pass,9.096153846153845
468,S1420,Female,15,8.3,82.0,72.6,6.3,Yes,Graduate,Yes,No,60.7,Pass,7.313253012048192
469,S1365,Male,17,0.0,76.6,66.1,7.1,Yes,High School,Yes,Yes,38.8,Fail,inf
470,S1487,Male,15,1.2,87.1,59.3,6.9,No,High School,Yes,No,41.5,Pass,34.583333333333336
471,S1396,Female,18,5.3,88.5,61.3,7.5,No,High School,Yes,Yes,48.7,Pass,9.18867924528302
472,S1121,Female,17,5.6,81.2,29.9,6.6,No,Postgraduate,Yes,No,50.9,Pass,9.089285714285715
473,S1581,Female,18,4.7,75.5,81.8,7.2,No,High School,Yes,No,67.2,Pass,14.297872340425531
474,S1247,Female,18,3.8,72.5,63.7,7.2,Yes,Postgraduate,No,No,50.3,Pass,13.236842105263158
475,S1307,Male,16,2.8,68.4,40.6,5.2,No,High School,Yes,Yes,28.0,Fail,10.0
476,S1577,Female,17,3.4,87.4,39.3,8.6,No,Graduate,Yes,No,53.7,Pass,15.794117647058824
477,S1496,Female,15,2.9,76.1,37.6,6.6,No,High School,Yes,No,42.8,Pass,14.758620689655173
478,S1363,Female,16,3.3,91.7,63.0,6.8,No,Graduate,Yes,No,55.3,Pass,16.757575757575758
479,S1158,Male,18,6.6,84.8,39.8,5.6,No,High School,Yes,No,64.9,Pass,9.833333333333334
480,S1085,Male,16,1.6,72.1,39.3,7.0,Yes,Graduate,Yes,No,35.4,Fail,22.124999999999996
481,S1469,Female,18,8.4,67.9,83.0,6.2,Yes,Graduate,Yes,Yes,79.0,Pass,9.404761904761905
482,S1225,Male,16,2.2,85.0,71.8,5.8,No,Postgraduate,Yes,No,43.3,Pass,19.68181818181818
483,S1376,Female,17,4.1,73.3,49.9,6.5,Yes,Graduate,Yes,Yes,44.1,Pass,10.756097560975611
484,S1262,Male,15,5.0,95.9,79.2,5.0,No,High School,Yes,No,73.0,Pass,14.6
485,S1331,Female,16,4.2,93.4,51.0,6.4,No,High School,Yes,No,53.2,Pass,12.666666666666666
486,S1233,Male,18,3.9,64.6,70.8,5.9,Yes,Graduate,No,Yes,37.9,Fail,9.717948717948717
487,S1076,Female,15,5.1,61.5,69.8,6.1,No,Graduate,Yes,No,53.0,Pass,10.392156862745098
488,S1475,Female,15,4.5,98.3,51.8,6.4,Yes,Graduate,No,No,62.7,Pass,13.933333333333334
489,S1533,Female,18,8.0,78.2,55.0,6.5,No,Postgraduate,Yes,Yes,48.7,Pass,6.0875
490,S1149,Male,15,4.9,70.2,76.8,5.5,No,Postgraduate,Yes,Yes,54.5,Pass,11.122448979591836
491,S1087,Female,16,5.1,78.40779661016948,72.9,8.1,Yes,Postgraduate,Yes,Yes,42.0,Pass,8.23529411764706
492,S1457,Male,17,1.6,56.0,39.5,8.5,No,Graduate,Yes,No,29.2,Fail,18.25
493,S1421,Female,16,3.9,80.3,50.7,7.4,Yes,Postgraduate,Yes,No,60.0,Pass,15.384615384615385
494,S1548,Female,17,2.8,79.9,52.5,7.4,Yes,Graduate,Yes,No,46.1,Pass,16.464285714285715
495,S1182,Female,17,4.0,67.4,57.9,6.6,No,High School,Yes,No,43.7,Pass,10.925
496,S1476,Male,17,4.2,70.5,62.4,4.7,No,High School,Yes,No,60.9,Pass,14.499999999999998
497,S1513,Female,15,7.1,88.7,42.8,5.9,No,Graduate,Yes,No,74.1,Pass,10.436619718309858
498,S1105,Male,17,3.1,84.4,57.8,7.3,No,Graduate,Yes,No,45.5,Pass,14.67741935483871
499,S1332,Male,16,5.1,78.8,32.0,7.7,Yes,Postgraduate,Yes,No,47.5,Pass,9.313725490196079
500,S1438,Female,15,3.6,87.6,73.4,7.6,Yes,Graduate,Yes,No,57.0,Pass,15.833333333333332
501,S1049,Male,18,2.7,60.2,54.5,7.1,Yes,High School,Yes,Yes,56.8,Pass,21.037037037037035
502,S1335,Male,16,1.0,67.8,71.9,5.3,No,High School,Yes,No,33.8,Fail,33.8
503,S1005,Male,16,5.9,89.9,55.0,7.8,Yes,Graduate,Yes,Yes,62.0,Pass,10.508474576271185
504,S1017,Female,16,4.7,84.7,67.5,6.2,No,Graduate,Yes,No,56.8,Pass,12.085106382978722
505,S1234,Male,18,3.0,79.7,66.6,8.1,No,Graduate,Yes,No,66.7,Pass,22.233333333333334
506,S1486,Male,18,5.7,59.9,65.2,7.5,No,Postgraduate,Yes,Yes,48.4,Pass,8.491228070175438
507,S1539,Male,17,7.0,82.3,54.5,7.1,Yes,High School,No,No,58.3,Pass,8.328571428571427
508,S1497,Male,17,4.6,86.1,50.2,6.2,No,High School,No,No,54.5,Pass,11.847826086956523
509,S1372,Male,16,4.280508474576271,88.1,52.4,7.2,No,High School,Yes,No,36.3,Fail,8.48030093050881
510,S1110,Male,17,4.4,60.9,60.0,5.7,No,Graduate,Yes,No,57.2,Pass,13.0
511,S1106,Male,18,4.2,92.2,48.1,6.5,No,Postgraduate,Yes,Yes,37.5,Fail,8.928571428571429
512,S1443,Male,16,5.3,98.5,50.1,6.0,No,High School,No,No,45.5,Pass,8.584905660377359
513,S1488,Female,15,2.2,79.0,60.5,4.3,No,Graduate,No,Yes,40.3,Pass,18.318181818181817
514,S1012,Female,16,0.3,91.0,42.1,4.7,No,High School,Yes,No,44.1,Pass,147.0
515,S1190,Male,16,5.1,61.0,52.4,7.1,No,Postgraduate,No,Yes,35.2,Fail,6.901960784313727
516,S1282,Male,16,1.1,69.2,90.4,6.4,No,High School,Yes,No,39.2,Fail,35.63636363636363
517,S1029,Male,17,3.7,54.3,46.2,7.1,No,Graduate,No,No,38.1,Fail,10.297297297297296
518,S1169,Female,16,3.3,85.1,51.3,4.7,No,High School,Yes,No,49.3,Pass,14.93939393939394
519,S1180,Male,16,3.1,78.40779661016948,69.2,7.0,Yes,High School,Yes,No,48.5,Pass,15.64516129032258
520,S1100,Male,17,3.9,61.8,59.6,5.7,Yes,High School,Yes,No,48.3,Pass,12.384615384615385
521,S1197,Female,17,6.1,80.2,42.9,6.3,Yes,High School,Yes,Yes,53.8,Pass,8.819672131147541
522,S1495,Male,18,1.6,79.4,46.1,7.3,No,Graduate,Yes,No,44.7,Pass,27.9375
523,S1597,Male,16,5.5,76.7,81.7,7.0,No,Graduate,Yes,No,67.8,Pass,12.327272727272726
524,S1373,Female,16,4.6,84.6,58.8,8.1,Yes,High School,Yes,No,54.7,Pass,11.891304347826088
525,S1460,Male,17,2.8,76.4,54.5,7.7,Yes,High School,No,Yes,31.4,Fail,11.214285714285715
526,S1413,Female,15,7.4,66.3,73.3,8.1,Yes,High School,Yes,No,69.0,Pass,9.324324324324325
527,S1131,Male,16,3.1,64.8,78.6,7.4,Yes,High School,Yes,No,47.8,Pass,15.419354838709676
528,S1039,Male,17,4.280508474576271,74.0,37.5,6.1,No,Graduate,Yes,No,38.5,Fail,8.99425856266086
529,S1434,Male,15,4.6,75.3,55.6,7.6,No,Graduate,No,Yes,48.8,Pass,10.608695652173914
530,S1215,Male,18,4.4,75.7,57.6,8.5,No,Postgraduate,Yes,No,49.6,Pass,11.272727272727272
531,S1474,Female,15,5.4,78.5,57.7,4.0,No,High School,Yes,No,56.5,Pass,10.462962962962962
532,S1456,Male,16,2.8,70.2,70.3,7.1,No,High School,Yes,No,43.4,Pass,15.5
533,S1260,Female,15,4.6,89.0,54.4,6.5,Yes,Graduate,No,No,51.6,Pass,11.217391304347828
534,S1035,Female,18,2.2,92.6,67.5,5.3,Yes,Postgraduate,Yes,No,46.5,Pass,21.136363636363633
535,S1309,Male,18,4.7,66.6,67.1,4.2,No,High School,Yes,Yes,47.9,Pass,10.191489361702127
536,S1276,Female,17,5.5,81.5,55.2,6.3,No,High School,Yes,Yes,54.9,Pass,9.981818181818182
537,S1393,Female,18,3.6,74.9,81.3,7.0,No,Graduate,No,No,53.0,Pass,14.722222222222221
538,S1107,Female,18,3.2,86.6,55.4,5.0,No,Graduate,Yes,No,64.4,Pass,20.125
539,S1565,Female,18,4.1,87.7,71.1,6.1,No,High School,Yes,No,62.4,Pass,15.219512195121952
540,S1524,Female,16,1.9,76.4,75.7,8.1,Yes,High School,Yes,No,51.6,Pass,27.157894736842106
541,S1047,Female,16,4.0,92.3,54.9,6.1,No,Postgraduate,No,No,59.4,Pass,14.85
542,S1203,Female,16,2.5,85.1,72.3,8.2,No,High School,Yes,No,67.6,Pass,27.04
543,S1021,Male,16,4.3,74.3,50.7,3.6,No,High School,No,No,53.6,Pass,12.465116279069768
544,S1402,Male,16,5.6,84.2,69.8,6.1,No,Postgraduate,No,Yes,47.5,Pass,8.482142857142858
545,S1083,Male,15,5.1,99.9,66.1,6.5,No,Graduate,No,Yes,62.2,Pass,12.19607843137255
546,S1130,Male,16,6.8,100.0,87.0,8.3,No,Postgraduate,Yes,No,90.4,Pass,13.294117647058824
547,S1415,Male,17,4.4,76.6,86.9,7.0,No,Graduate,Yes,Yes,54.2,Pass,12.318181818181818
548,S1286,Male,17,2.3,65.8,57.3,4.9,Yes,Postgraduate,Yes,Yes,28.3,Fail,12.304347826086957
549,S1123,Male,16,5.9,84.1,41.4,8.4,Yes,High School,Yes,Yes,51.8,Pass,8.779661016949152
550,S1033,Female,15,2.6,85.2,89.4,5.0,No,High School,Yes,No,61.7,Pass,23.73076923076923
551,S1516,Male,18,2.7,97.3,43.2,4.8,Yes,High School,Yes,No,49.3,Pass,18.259259259259256
552,S1019,Male,17,4.280508474576271,62.3,51.9,6.9,Yes,Graduate,Yes,Yes,38.7,Fail,9.040981983765592
553,S1555,Male,18,5.5,99.3,47.5,5.6,Yes,High School,Yes,No,73.1,Pass,13.29090909090909
554,S1219,Female,15,4.5,76.5,52.3,3.8,Yes,High School,Yes,Yes,53.1,Pass,11.8
555,S1481,Female,16,3.8,77.6,40.1,5.4,Yes,Graduate,Yes,Yes,43.1,Pass,11.342105263157896
556,S1356,Male,16,4.9,80.3,38.2,5.1,No,High School,Yes,No,36.3,Fail,7.408163265306121
557,S1224,Male,18,5.9,92.7,96.2,9.0,Yes,High School,Yes,Yes,70.8,Pass,11.999999999999998
558,S1092,Female,18,3.9,78.4,50.4,5.5,Yes,High School,No,Yes,47.4,Pass,12.153846153846153
559,S1151,Male,18,4.280508474576271,85.0,59.9,4.7,No,Graduate,Yes,No,75.6,Pass,17.661453177588594
560,S1590,Male,15,0.7,68.3,54.2,6.4,No,Graduate,Yes,No,32.0,Fail,45.714285714285715
561,S1317,Male,17,2.8,77.1,53.2,6.1,Yes,High School,Yes,Yes,46.0,Pass,16.42857142857143
562,S1448,Male,15,3.7,66.9,27.7,6.9,Yes,Postgraduate,Yes,No,45.2,Pass,12.216216216216216
563,S1522,Female,17,2.5,75.5,65.9,5.9,No,Graduate,Yes,No,47.1,Pass,18.84
564,S1279,Female,18,0.6,77.6,91.3,6.1,Yes,Graduate,Yes,No,43.9,Pass,73.16666666666667
565,S1349,Female,18,5.6,83.1,61.6,5.1,Yes,High School,No,No,56.1,Pass,10.017857142857144
566,S1374,Male,18,3.9,75.1,65.2,5.7,No,Graduate,Yes,No,53.0,Pass,13.58974358974359
567,S1400,Male,18,4.1,66.0,66.3,3.8,No,Graduate,Yes,Yes,57.5,Pass,14.02439024390244
568,S1257,Female,18,6.6,68.1,63.5,6.3,No,Postgraduate,Yes,No,66.0,Pass,10.0
569,S1072,Male,17,2.9,72.7,57.1,7.6,Yes,Graduate,Yes,Yes,41.2,Pass,14.206896551724139
570,S1195,Male,16,4.9,100.0,64.5,6.2,Yes,Graduate,No,No,59.5,Pass,12.142857142857142
571,S1483,Female,15,2.0,69.7,63.9,6.8,No,Graduate,Yes,No,46.3,Pass,23.15
572,S1137,Female,16,2.6,71.0,67.6,6.9,Yes,High School,Yes,No,48.3,Pass,18.576923076923077
573,S1494,Male,15,4.2,55.5,32.3,8.5,No,Graduate,No,No,56.1,Pass,13.357142857142858
574,S1550,Female,18,4.1,78.40779661016948,64.4,8.0,No,Postgraduate,Yes,No,50.5,Pass,12.317073170731708
575,S1462,Female,18,5.8,97.3,33.4,8.0,Yes,Graduate,Yes,No,59.2,Pass,10.206896551724139
576,S1201,Male,17,4.3,92.5,43.9,4.8,No,Postgraduate,Yes,No,54.3,Pass,12.627906976744185
577,S1312,Male,15,5.9,81.9,55.3,7.7,No,Graduate,Yes,No,65.2,Pass,11.050847457627118
578,S1290,Male,15,6.7,80.1,38.6,5.5,Yes,High School,Yes,No,44.7,Pass,6.6716417910447765
579,S1189,Male,15,7.3,89.2,41.7,6.9,Yes,High School,Yes,No,76.5,Pass,10.479452054794521
580,S1112,Female,15,6.3,74.1,69.9,7.7,No,High School,Yes,No,57.3,Pass,9.095238095238095
581,S1183,Female,18,6.1,72.8,53.2,6.2,No,High School,Yes,No,48.0,Pass,7.868852459016394
582,S1152,Male,17,2.9,92.9,55.1,6.5,Yes,Graduate,Yes,Yes,41.0,Pass,14.13793103448276
583,S1325,Female,17,3.0,60.7,50.3,7.6,No,High School,No,Yes,47.5,Pass,15.833333333333334
584,S1044,Male,17,0.7,79.9,64.6,5.6,Yes,Postgraduate,Yes,No,33.3,Fail,47.57142857142857
585,S1444,Female,15,3.5,76.7,70.5,7.8,No,High School,Yes,Yes,44.0,Pass,12.571428571428571
586,S1006,Male,15,2.7,75.9,77.6,6.1,No,Postgraduate,No,Yes,47.3,Pass,17.518518518518515
587,S1250,Male,18,1.3,66.0,36.0,6.8,Yes,Graduate,Yes,No,22.4,Fail,17.23076923076923
588,S1075,Female,18,3.0,98.5,20.0,4.6,Yes,High School,No,No,50.7,Pass,16.900000000000002
589,S1512,Female,15,1.5,59.0,72.2,7.9,No,High School,Yes,No,26.1,Fail,17.400000000000002
590,S1391,Male,17,4.4,80.4,56.2,8.3,No,Graduate,Yes,No,36.4,Fail,8.272727272727272
591,S1432,Female,18,3.9,82.4,70.4,8.6,No,Graduate,Yes,No,53.0,Pass,13.58974358974359
592,S1068,Male,15,6.1,92.4,68.3,5.3,Yes,Graduate,Yes,Yes,51.5,Pass,8.442622950819672
593,S1167,Male,16,7.2,67.8,58.5,5.3,Yes,Graduate,Yes,No,56.8,Pass,7.888888888888888
594,S1554,Female,15,4.280508474576271,70.2,46.3,6.5,Yes,Graduate,Yes,Yes,57.2,Pass,13.362898435953278
595,S1366,Female,15,6.1,52.5,78.5,5.1,No,High School,Yes,Yes,55.6,Pass,9.114754098360656
596,S1345,Female,18,4.280508474576271,94.9,68.8,4.5,Yes,High School,Yes,No,54.7,Pass,12.77885567214413
597,S1584,Female,17,4.2,89.6,50.9,6.5,Yes,Graduate,Yes,No,54.4,Pass,12.95238095238095
598,S1535,Female,18,1.5,80.8,44.7,5.6,No,High School,Yes,Yes,30.0,Fail,20.0
599,S1398,Female,18,5.3,79.5,47.5,6.5,No,High School,No,No,61.2,Pass,11.547169811320755
600,S1185,Female,18,3.0,73.5,69.0,6.1,Yes,Graduate,No,No,40.9,Pass,13.633333333333333
601,S1348,Male,15,3.7,65.3,84.3,6.8,No,Graduate,Yes,No,50.1,Pass,13.54054054054054
602,S1211,Female,16,5.3,89.5,69.6,6.5,Yes,High School,Yes,No,60.7,Pass,11.452830188679247
603,S1579,Male,18,4.3,94.7,70.8,8.9,Yes,High School,Yes,Yes,62.7,Pass,14.58139534883721
604,S1502,Male,17,4.4,90.9,63.1,6.9,Yes,Graduate,Yes,No,53.1,Pass,12.068181818181818
605,S1537,Male,17,8.6,81.4,57.4,5.2,Yes,Graduate,Yes,No,64.1,Pass,7.453488372093023
606,S1196,Female,17,5.9,71.2,69.3,6.4,No,Graduate,Yes,No,59.2,Pass,10.033898305084746
607,S1175,Male,15,2.6,70.7,78.5,7.3,No,Graduate,Yes,Yes,30.6,Fail,11.76923076923077
